PC_Timestamp,Latitude,Longitude,Satellites,HDOP,Altitude_m,GPS_Time
Tue Nov 11 14:05:16 2025,57.014842,9.985852,19,0.70,44.50,13:05:16
Tue Nov 11 14:05:17 2025,57.014842,9.985852,19,0.70,44.50,13:05:17
Tue Nov 11 14:05:18 2025,57.014842,9.985851,19,0.70,44.50,13:05:18
Tue Nov 11 14:05:19 2025,57.014842,9.985851,19,0.70,44.50,13:05:19
Tue Nov 11 14:05:20 2025,57.014842,9.985851,19,0.70,44.50,13:05:20
Tue Nov 11 14:05:21 2025,57.014842,9.985851,19,0.70,44.50,13:05:21
Tue Nov 11 14:05:22 2025,57.014842,9.985851,19,0.70,44.50,13:05:22
Tue Nov 11 14:05:23 2025,57.014842,9.985851,19,0.70,44.50,13:05:23
Tue Nov 11 14:05:24 2025,57.014842,9.985851,19,0.70,44.50,13:05:24
Tue Nov 11 14:05:25 2025,57.014841,9.985851,19,0.70,44.50,13:05:25
Tue Nov 11 14:05:26 2025,57.014841,9.985851,19,0.70,44.50,13:05:26
Tue Nov 11 14:05:27 2025,57.014841,9.985851,19,0.70,44.50,13:05:27
Tue Nov 11 14:05:28 2025,57.014841,9.985851,19,0.70,44.50,13:05:28
Tue Nov 11 14:05:29 2025,57.014841,9.985850,19,0.70,44.50,13:05:29
Tue Nov 11 14:05:30 2025,57.014841,9.985850,19,0.70,44.50,13:05:30
Tue Nov 11 14:05:31 2025,57.014841,9.985850,19,0.70,44.50,13:05:31
Tue Nov 11 14:05:32 2025,57.014841,9.985850,19,0.70,44.50,13:05:32
Tue Nov 11 14:05:33 2025,57.014841,9.985850,19,0.70,44.50,13:05:33
Tue Nov 11 14:05:34 2025,57.014841,9.985850,19,0.70,44.50,13:05:34
Tue Nov 11 14:05:35 2025,57.014841,9.985850,19,0.70,44.50,13:05:35
Tue Nov 11 14:05:36 2025,57.014841,9.985850,19,0.70,44.50,13:05:36
Tue Nov 11 14:05:37 2025,57.014841,9.985850,19,0.70,44.50,13:05:37
Tue Nov 11 14:05:38 2025,57.014841,9.985850,19,0.70,44.50,13:05:38
Tue Nov 11 14:05:39 2025,57.014841,9.985850,19,0.70,44.50,13:05:39
Tue Nov 11 14:05:40 2025,57.014841,9.985850,19,0.70,44.50,13:05:40
Tue Nov 11 14:05:41 2025,57.014841,9.985850,19,0.70,44.50,13:05:41
Tue Nov 11 14:05:42 2025,57.014841,9.985850,19,0.70,44.50,13:05:42
Tue Nov 11 14:05:43 2025,57.014841,9.985849,19,0.70,44.50,13:05:43
Tue Nov 11 14:05:44 2025,57.014841,9.985849,19,0.70,44.50,13:05:44
Tue Nov 11 14:05:45 2025,57.014841,9.985849,19,0.70,44.50,13:05:45
Tue Nov 11 14:05:46 2025,57.014841,9.985849,19,0.70,44.50,13:05:46
Tue Nov 11 14:05:47 2025,57.014841,9.985849,19,0.70,44.50,13:05:47
Tue Nov 11 14:05:48 2025,57.014841,9.985849,19,0.70,44.50,13:05:48
Tue Nov 11 14:05:49 2025,57.014841,9.985849,19,0.70,44.50,13:05:49
Tue Nov 11 14:05:50 2025,57.014841,9.985849,19,0.70,44.50,13:05:50
Tue Nov 11 14:05:51 2025,57.014841,9.985848,19,0.70,44.50,13:05:51
Tue Nov 11 14:05:52 2025,57.014841,9.985848,19,0.70,44.50,13:05:52
Tue Nov 11 14:05:53 2025,57.014841,9.985848,19,0.70,44.50,13:05:53
Tue Nov 11 14:05:54 2025,57.014841,9.985848,19,0.70,44.50,13:05:54
Tue Nov 11 14:05:55 2025,57.014841,9.985848,19,0.70,44.50,13:05:55
Tue Nov 11 14:05:56 2025,57.014841,9.985848,19,0.70,44.50,13:05:56
Tue Nov 11 14:05:57 2025,57.014842,9.985848,19,0.70,44.50,13:05:57
Tue Nov 11 14:05:58 2025,57.014842,9.985848,19,0.70,44.50,13:05:58
Tue Nov 11 14:05:59 2025,57.014842,9.985848,19,0.70,44.50,13:05:59
Tue Nov 11 14:06:00 2025,57.014842,9.985848,19,0.70,44.60,13:06:00
Tue Nov 11 14:06:01 2025,57.014842,9.985848,19,0.70,44.60,13:06:01
Tue Nov 11 14:06:02 2025,57.014842,9.985848,19,0.70,44.60,13:06:02
Tue Nov 11 14:06:03 2025,57.014842,9.985848,19,0.70,44.60,13:06:03
Tue Nov 11 14:06:04 2025,57.014842,9.985848,19,0.70,44.60,13:06:04
Tue Nov 11 14:06:05 2025,57.014842,9.985849,19,0.70,44.60,13:06:05
Tue Nov 11 14:06:06 2025,57.014842,9.985848,19,0.70,44.60,13:06:06
Tue Nov 11 14:06:07 2025,57.014842,9.985848,19,0.70,44.60,13:06:07
Tue Nov 11 14:06:08 2025,57.014842,9.985848,19,0.70,44.60,13:06:08
Tue Nov 11 14:06:09 2025,57.014842,9.985848,19,0.70,44.60,13:06:09
Tue Nov 11 14:06:10 2025,57.014842,9.985848,19,0.70,44.60,13:06:10
Tue Nov 11 14:06:11 2025,57.014842,9.985848,19,0.70,44.60,13:06:11
Tue Nov 11 14:06:12 2025,57.014842,9.985849,19,0.70,44.60,13:06:12
Tue Nov 11 14:06:13 2025,57.014842,9.985849,19,0.70,44.60,13:06:13
Tue Nov 11 14:06:14 2025,57.014842,9.985848,19,0.70,44.60,13:06:14
Tue Nov 11 14:06:15 2025,57.014842,9.985849,19,0.70,44.60,13:06:15
Tue Nov 11 14:06:16 2025,57.014842,9.985849,19,0.70,44.60,13:06:16
Tue Nov 11 14:06:17 2025,57.014842,9.985849,19,0.70,44.60,13:06:17
Tue Nov 11 14:06:18 2025,57.014842,9.985849,19,0.70,44.60,13:06:18
Tue Nov 11 14:06:19 2025,57.014842,9.985849,19,0.70,44.60,13:06:19
Tue Nov 11 14:06:20 2025,57.014842,9.985849,19,0.70,44.60,13:06:20
Tue Nov 11 14:06:21 2025,57.014842,9.985849,19,0.70,44.50,13:06:21
Tue Nov 11 14:06:22 2025,57.014842,9.985849,19,0.70,44.50,13:06:22
Tue Nov 11 14:06:23 2025,57.014842,9.985849,19,0.70,44.50,13:06:23
Tue Nov 11 14:06:24 2025,57.014842,9.985849,19,0.70,44.50,13:06:24
Tue Nov 11 14:06:25 2025,57.014842,9.985849,19,0.70,44.50,13:06:25
Tue Nov 11 14:06:26 2025,57.014842,9.985849,19,0.70,44.50,13:06:26
Tue Nov 11 14:06:27 2025,57.014842,9.985849,19,0.70,44.50,13:06:27
Tue Nov 11 14:06:28 2025,57.014842,9.985849,19,0.70,44.50,13:06:28
Tue Nov 11 14:06:29 2025,57.014842,9.985849,19,0.70,44.50,13:06:29
Tue Nov 11 14:06:30 2025,57.014842,9.985849,19,0.70,44.50,13:06:30
Tue Nov 11 14:06:31 2025,57.014842,9.985849,19,0.70,44.50,13:06:31
Tue Nov 11 14:06:32 2025,57.014842,9.985849,19,0.70,44.50,13:06:32
Tue Nov 11 14:06:33 2025,57.014842,9.985849,19,0.70,44.50,13:06:33
Tue Nov 11 14:06:34 2025,57.014842,9.985849,19,0.70,44.50,13:06:34
Tue Nov 11 14:06:35 2025,57.014842,9.985849,19,0.70,44.50,13:06:35
Tue Nov 11 14:06:36 2025,57.014842,9.985849,19,0.70,44.50,13:06:36
Tue Nov 11 14:06:37 2025,57.014842,9.985849,19,0.70,44.50,13:06:37
Tue Nov 11 14:06:38 2025,57.014842,9.985849,19,0.70,44.50,13:06:38
Tue Nov 11 14:06:39 2025,57.014842,9.985849,19,0.70,44.50,13:06:39
Tue Nov 11 14:06:40 2025,57.014842,9.985849,19,0.70,44.50,13:06:40
Tue Nov 11 14:06:41 2025,57.014842,9.985849,19,0.70,44.50,13:06:41
Tue Nov 11 14:06:42 2025,57.014842,9.985849,19,0.70,44.50,13:06:42
Tue Nov 11 14:06:43 2025,57.014842,9.985849,19,0.70,44.50,13:06:43
Tue Nov 11 14:06:44 2025,57.014842,9.985849,19,0.70,44.50,13:06:44
Tue Nov 11 14:06:45 2025,57.014843,9.985849,19,0.70,44.50,13:06:45
Tue Nov 11 14:06:46 2025,57.014843,9.985850,19,0.70,44.40,13:06:46
Tue Nov 11 14:06:47 2025,57.014843,9.985850,19,0.70,44.40,13:06:47
Tue Nov 11 14:06:48 2025,57.014843,9.985850,19,0.70,44.40,13:06:48
Tue Nov 11 14:06:49 2025,57.014843,9.985850,19,0.70,44.40,13:06:49
Tue Nov 11 14:06:50 2025,57.014843,9.985850,18,0.80,44.40,13:06:50
Tue Nov 11 14:06:51 2025,57.014843,9.985850,18,0.80,44.40,13:06:51
Tue Nov 11 14:06:52 2025,57.014843,9.985850,18,0.80,44.40,13:06:52
Tue Nov 11 14:06:53 2025,57.014843,9.985850,18,0.80,44.40,13:06:53
Tue Nov 11 14:06:54 2025,57.014843,9.985850,18,0.80,44.40,13:06:54
Tue Nov 11 14:06:55 2025,57.014843,9.985850,18,0.80,44.40,13:06:55
Tue Nov 11 14:06:56 2025,57.014843,9.985851,18,0.80,44.40,13:06:56
Tue Nov 11 14:06:57 2025,57.014843,9.985851,18,0.80,44.40,13:06:57
Tue Nov 11 14:06:58 2025,57.014842,9.985851,18,0.80,44.40,13:06:58
Tue Nov 11 14:06:59 2025,57.014842,9.985852,18,0.80,44.40,13:06:59
Tue Nov 11 14:07:00 2025,57.014842,9.985852,18,0.80,44.40,13:07:00
Tue Nov 11 14:07:01 2025,57.014842,9.985852,18,0.80,44.40,13:07:01
Tue Nov 11 14:07:02 2025,57.014842,9.985853,18,0.80,44.40,13:07:02
Tue Nov 11 14:07:03 2025,57.014842,9.985853,18,0.80,44.40,13:07:03
Tue Nov 11 14:07:04 2025,57.014842,9.985853,18,0.80,44.30,13:07:04
Tue Nov 11 14:07:05 2025,57.014842,9.985853,18,0.80,44.30,13:07:05
Tue Nov 11 14:07:06 2025,57.014842,9.985853,18,0.80,44.30,13:07:06
Tue Nov 11 14:07:07 2025,57.014842,9.985854,18,0.80,44.30,13:07:07
Tue Nov 11 14:07:08 2025,57.014842,9.985854,18,0.80,44.30,13:07:08
Tue Nov 11 14:07:09 2025,57.014842,9.985854,18,0.80,44.30,13:07:09
Tue Nov 11 14:07:10 2025,57.014842,9.985854,19,0.70,44.30,13:07:10
Tue Nov 11 14:07:11 2025,57.014842,9.985854,19,0.70,44.30,13:07:11
Tue Nov 11 14:07:12 2025,57.014842,9.985854,19,0.70,44.30,13:07:12
Tue Nov 11 14:07:13 2025,57.014842,9.985854,19,0.70,44.30,13:07:13
Tue Nov 11 14:07:14 2025,57.014842,9.985854,19,0.70,44.30,13:07:14
Tue Nov 11 14:07:15 2025,57.014843,9.985854,19,0.70,44.30,13:07:15
Tue Nov 11 14:07:16 2025,57.014843,9.985854,19,0.70,44.30,13:07:16
Tue Nov 11 14:07:17 2025,57.014843,9.985854,19,0.70,44.30,13:07:17
Tue Nov 11 14:07:18 2025,57.014843,9.985854,19,0.70,44.30,13:07:18
Tue Nov 11 14:07:19 2025,57.014843,9.985854,19,0.70,44.30,13:07:19
Tue Nov 11 14:07:20 2025,57.014843,9.985854,19,0.70,44.30,13:07:20
Tue Nov 11 14:07:21 2025,57.014843,9.985854,19,0.70,44.30,13:07:21
Tue Nov 11 14:07:22 2025,57.014843,9.985854,19,0.70,44.30,13:07:22
Tue Nov 11 14:07:23 2025,57.014843,9.985854,19,0.70,44.30,13:07:23
Tue Nov 11 14:07:24 2025,57.014843,9.985854,19,0.70,44.30,13:07:24
Tue Nov 11 14:07:25 2025,57.014843,9.985854,19,0.70,44.30,13:07:25
Tue Nov 11 14:07:26 2025,57.014843,9.985854,19,0.70,44.30,13:07:26
Tue Nov 11 14:07:27 2025,57.014843,9.985854,19,0.70,44.30,13:07:27
Tue Nov 11 14:07:28 2025,57.014844,9.985854,19,0.70,44.30,13:07:28
Tue Nov 11 14:07:29 2025,57.014844,9.985854,19,0.70,44.30,13:07:29
Tue Nov 11 14:07:30 2025,57.014844,9.985854,19,0.70,44.20,13:07:30
Tue Nov 11 14:07:31 2025,57.014844,9.985854,19,0.70,44.20,13:07:31
Tue Nov 11 14:07:32 2025,57.014844,9.985854,19,0.70,44.20,13:07:32
Tue Nov 11 14:07:33 2025,57.014844,9.985854,19,0.70,44.20,13:07:33
Tue Nov 11 14:07:34 2025,57.014844,9.985854,19,0.70,44.20,13:07:34
Tue Nov 11 14:07:35 2025,57.014844,9.985854,19,0.70,44.20,13:07:35
Tue Nov 11 14:07:36 2025,57.014844,9.985854,19,0.70,44.20,13:07:36
Tue Nov 11 14:07:37 2025,57.014845,9.985854,19,0.70,44.20,13:07:37
Tue Nov 11 14:07:38 2025,57.014845,9.985854,19,0.70,44.20,13:07:38
Tue Nov 11 14:07:39 2025,57.014845,9.985854,19,0.70,44.20,13:07:39
Tue Nov 11 14:07:40 2025,57.014845,9.985854,19,0.70,44.20,13:07:40
Tue Nov 11 14:07:41 2025,57.014845,9.985854,19,0.70,44.20,13:07:41
Tue Nov 11 14:07:42 2025,57.014845,9.985854,19,0.70,44.20,13:07:42
Tue Nov 11 14:07:43 2025,57.014845,9.985855,19,0.70,44.20,13:07:43
Tue Nov 11 14:07:44 2025,57.014845,9.985855,19,0.70,44.20,13:07:44
Tue Nov 11 14:07:45 2025,57.014845,9.985855,19,0.70,44.20,13:07:45
Tue Nov 11 14:07:46 2025,57.014845,9.985855,19,0.70,44.20,13:07:46
Tue Nov 11 14:07:47 2025,57.014845,9.985855,19,0.70,44.20,13:07:47
Tue Nov 11 14:07:48 2025,57.014845,9.985855,19,0.70,44.20,13:07:48
Tue Nov 11 14:07:49 2025,57.014845,9.985855,19,0.70,44.20,13:07:49
Tue Nov 11 14:07:50 2025,57.014845,9.985855,19,0.70,44.20,13:07:50
Tue Nov 11 14:07:51 2025,57.014845,9.985855,19,0.70,44.20,13:07:51
Tue Nov 11 14:07:52 2025,57.014845,9.985855,19,0.70,44.20,13:07:52
Tue Nov 11 14:07:53 2025,57.014845,9.985855,19,0.70,44.20,13:07:53
Tue Nov 11 14:07:54 2025,57.014845,9.985855,19,0.70,44.20,13:07:54
Tue Nov 11 14:07:55 2025,57.014845,9.985854,19,0.70,44.20,13:07:55
Tue Nov 11 14:07:56 2025,57.014845,9.985854,19,0.70,44.20,13:07:56
Tue Nov 11 14:07:57 2025,57.014845,9.985854,19,0.70,44.20,13:07:57
Tue Nov 11 14:07:58 2025,57.014845,9.985854,19,0.70,44.20,13:07:58
Tue Nov 11 14:07:59 2025,57.014845,9.985854,19,0.70,44.20,13:07:59
Tue Nov 11 14:08:00 2025,57.014845,9.985854,19,0.70,44.20,13:08:00
Tue Nov 11 14:08:01 2025,57.014845,9.985854,19,0.70,44.20,13:08:01
Tue Nov 11 14:08:02 2025,57.014845,9.985854,19,0.70,44.20,13:08:02
Tue Nov 11 14:08:03 2025,57.014845,9.985854,19,0.70,44.20,13:08:03
Tue Nov 11 14:08:04 2025,57.014845,9.985854,19,0.70,44.20,13:08:04
Tue Nov 11 14:08:05 2025,57.014845,9.985854,19,0.70,44.20,13:08:05
Tue Nov 11 14:08:06 2025,57.014845,9.985854,19,0.70,44.20,13:08:06
Tue Nov 11 14:08:07 2025,57.014845,9.985854,19,0.70,44.10,13:08:07
Tue Nov 11 14:08:08 2025,57.014845,9.985854,19,0.70,44.10,13:08:08
Tue Nov 11 14:08:09 2025,57.014845,9.985854,19,0.70,44.10,13:08:09
Tue Nov 11 14:08:10 2025,57.014845,9.985854,19,0.70,44.10,13:08:10
Tue Nov 11 14:08:11 2025,57.014845,9.985854,19,0.70,44.10,13:08:11
Tue Nov 11 14:08:12 2025,57.014845,9.985854,19,0.70,44.10,13:08:12
Tue Nov 11 14:08:13 2025,57.014845,9.985853,19,0.70,44.10,13:08:13
Tue Nov 11 14:08:14 2025,57.014845,9.985854,19,0.70,44.10,13:08:14
Tue Nov 11 14:08:15 2025,57.014845,9.985854,19,0.70,44.10,13:08:15
Tue Nov 11 14:08:16 2025,57.014845,9.985854,19,0.70,44.10,13:08:16
Tue Nov 11 14:08:17 2025,57.014845,9.985854,19,0.70,44.10,13:08:17
Tue Nov 11 14:08:18 2025,57.014845,9.985854,19,0.70,44.10,13:08:18
Tue Nov 11 14:08:19 2025,57.014845,9.985854,19,0.70,44.10,13:08:19
Tue Nov 11 14:08:20 2025,57.014845,9.985854,19,0.70,44.10,13:08:20
Tue Nov 11 14:08:21 2025,57.014845,9.985854,19,0.70,44.10,13:08:21
Tue Nov 11 14:08:22 2025,57.014845,9.985855,19,0.70,44.10,13:08:22
Tue Nov 11 14:08:23 2025,57.014845,9.985855,19,0.70,44.10,13:08:23
Tue Nov 11 14:08:24 2025,57.014845,9.985855,19,0.70,44.10,13:08:24
Tue Nov 11 14:08:25 2025,57.014845,9.985855,19,0.70,44.00,13:08:25
Tue Nov 11 14:08:26 2025,57.014845,9.985855,19,0.70,44.00,13:08:26
Tue Nov 11 14:08:27 2025,57.014845,9.985855,19,0.70,44.00,13:08:27
Tue Nov 11 14:08:28 2025,57.014845,9.985855,19,0.70,44.00,13:08:28
Tue Nov 11 14:08:29 2025,57.014845,9.985855,19,0.70,44.00,13:08:29
Tue Nov 11 14:08:30 2025,57.014845,9.985855,19,0.70,44.00,13:08:30
Tue Nov 11 14:08:31 2025,57.014845,9.985855,19,0.70,44.00,13:08:31
Tue Nov 11 14:08:32 2025,57.014845,9.985855,19,0.70,44.00,13:08:32
Tue Nov 11 14:08:33 2025,57.014845,9.985855,18,0.80,44.00,13:08:33
Tue Nov 11 14:08:34 2025,57.014845,9.985856,18,0.80,44.00,13:08:34
Tue Nov 11 14:08:35 2025,57.014845,9.985856,18,0.80,44.00,13:08:35
Tue Nov 11 14:08:36 2025,57.014845,9.985856,18,0.80,44.00,13:08:36
Tue Nov 11 14:08:37 2025,57.014845,9.985856,17,0.90,44.00,13:08:37
Tue Nov 11 14:08:38 2025,57.014845,9.985856,17,0.90,44.00,13:08:38
Tue Nov 11 14:08:39 2025,57.014845,9.985856,17,0.90,44.00,13:08:39
Tue Nov 11 14:08:40 2025,57.014845,9.985856,17,0.90,44.00,13:08:40
Tue Nov 11 14:08:41 2025,57.014845,9.985857,17,0.90,44.00,13:08:41
Tue Nov 11 14:08:42 2025,57.014844,9.985857,17,0.90,44.00,13:08:42
Tue Nov 11 14:08:43 2025,57.014844,9.985857,17,0.90,44.00,13:08:43
Tue Nov 11 14:08:44 2025,57.014844,9.985857,17,0.90,44.00,13:08:44
Tue Nov 11 14:08:45 2025,57.014844,9.985857,17,0.90,44.00,13:08:45
Tue Nov 11 14:08:46 2025,57.014844,9.985858,17,0.90,44.00,13:08:46
Tue Nov 11 14:08:47 2025,57.014844,9.985858,17,0.90,43.90,13:08:47
Tue Nov 11 14:08:48 2025,57.014844,9.985858,17,0.90,43.90,13:08:48
Tue Nov 11 14:08:49 2025,57.014844,9.985858,18,0.80,43.90,13:08:49
Tue Nov 11 14:08:50 2025,57.014844,9.985859,18,0.80,43.90,13:08:50
Tue Nov 11 14:08:51 2025,57.014844,9.985859,18,0.80,43.90,13:08:51
Tue Nov 11 14:08:52 2025,57.014844,9.985859,18,0.80,43.90,13:08:52
Tue Nov 11 14:08:53 2025,57.014844,9.985859,17,0.90,43.90,13:08:53
Tue Nov 11 14:08:54 2025,57.014843,9.985860,17,0.90,43.90,13:08:54
Tue Nov 11 14:08:55 2025,57.014843,9.985860,17,0.90,43.90,13:08:55
Tue Nov 11 14:08:56 2025,57.014843,9.985860,17,0.90,43.90,13:08:56
Tue Nov 11 14:08:57 2025,57.014843,9.985860,18,0.80,43.90,13:08:57
Tue Nov 11 14:08:58 2025,57.014843,9.985860,18,0.80,43.90,13:08:58
Tue Nov 11 14:08:59 2025,57.014843,9.985860,18,0.80,43.90,13:08:59
Tue Nov 11 14:09:00 2025,57.014843,9.985860,18,0.80,43.90,13:09:00
Tue Nov 11 14:09:01 2025,57.014843,9.985861,18,0.80,43.90,13:09:01
Tue Nov 11 14:09:02 2025,57.014843,9.985861,18,0.80,43.90,13:09:02
Tue Nov 11 14:09:03 2025,57.014843,9.985861,18,0.80,43.90,13:09:03
Tue Nov 11 14:09:04 2025,57.014843,9.985861,18,0.80,43.90,13:09:04
Tue Nov 11 14:09:05 2025,57.014843,9.985862,18,0.80,43.90,13:09:05
Tue Nov 11 14:09:06 2025,57.014843,9.985862,18,0.80,43.90,13:09:06
Tue Nov 11 14:09:07 2025,57.014843,9.985862,18,0.80,43.90,13:09:07
Tue Nov 11 14:09:08 2025,57.014843,9.985862,18,0.80,43.90,13:09:08
Tue Nov 11 14:09:09 2025,57.014843,9.985862,18,0.80,43.90,13:09:09
Tue Nov 11 14:09:10 2025,57.014843,9.985862,18,0.80,43.90,13:09:10
Tue Nov 11 14:09:11 2025,57.014843,9.985863,18,0.80,43.90,13:09:11
Tue Nov 11 14:09:12 2025,57.014843,9.985863,18,0.80,43.90,13:09:12
Tue Nov 11 14:09:13 2025,57.014843,9.985863,18,0.80,43.90,13:09:13
Tue Nov 11 14:09:14 2025,57.014843,9.985863,18,0.80,43.90,13:09:14
Tue Nov 11 14:09:15 2025,57.014843,9.985864,18,0.80,43.90,13:09:15
Tue Nov 11 14:09:16 2025,57.014843,9.985864,18,0.80,43.90,13:09:16
Tue Nov 11 14:09:17 2025,57.014843,9.985864,18,0.80,43.90,13:09:17
Tue Nov 11 14:09:18 2025,57.014843,9.985864,18,0.80,43.90,13:09:18
Tue Nov 11 14:09:19 2025,57.014843,9.985864,18,0.80,43.90,13:09:19
Tue Nov 11 14:09:20 2025,57.014843,9.985864,18,0.80,43.90,13:09:20
Tue Nov 11 14:09:21 2025,57.014843,9.985864,18,0.80,43.90,13:09:21
Tue Nov 11 14:09:22 2025,57.014843,9.985864,18,0.80,43.90,13:09:22
Tue Nov 11 14:09:23 2025,57.014843,9.985864,18,0.80,43.90,13:09:23
Tue Nov 11 14:09:24 2025,57.014843,9.985864,18,0.80,43.90,13:09:24
Tue Nov 11 14:09:25 2025,57.014843,9.985865,19,0.70,43.90,13:09:25
Tue Nov 11 14:09:26 2025,57.014843,9.985865,18,0.70,43.90,13:09:26
Tue Nov 11 14:09:27 2025,57.014843,9.985865,18,0.70,43.90,13:09:27
Tue Nov 11 14:09:28 2025,57.014843,9.985865,18,0.70,43.90,13:09:28
Tue Nov 11 14:09:29 2025,57.014843,9.985865,17,0.70,43.90,13:09:29
Tue Nov 11 14:09:30 2025,57.014843,9.985865,16,0.80,43.90,13:09:30
Tue Nov 11 14:09:31 2025,57.014842,9.985865,16,0.80,43.90,13:09:31
Tue Nov 11 14:09:32 2025,57.014842,9.985865,17,0.70,43.90,13:09:32
Tue Nov 11 14:09:33 2025,57.014842,9.985865,17,0.70,43.90,13:09:33
Tue Nov 11 14:09:34 2025,57.014842,9.985865,17,0.70,43.90,13:09:34
Tue Nov 11 14:09:35 2025,57.014842,9.985865,17,0.70,43.90,13:09:35
Tue Nov 11 14:09:36 2025,57.014842,9.985865,17,0.70,43.90,13:09:36
Tue Nov 11 14:09:37 2025,57.014842,9.985865,17,0.70,43.90,13:09:37
Tue Nov 11 14:09:38 2025,57.014842,9.985865,17,0.70,43.90,13:09:38
Tue Nov 11 14:09:39 2025,57.014842,9.985865,17,0.70,43.90,13:09:39
Tue Nov 11 14:09:40 2025,57.014842,9.985865,17,0.70,43.90,13:09:40
Tue Nov 11 14:09:41 2025,57.014842,9.985865,17,0.70,43.90,13:09:41
Tue Nov 11 14:09:42 2025,57.014842,9.985865,16,0.80,43.90,13:09:42
Tue Nov 11 14:09:43 2025,57.014842,9.985865,16,0.80,43.90,13:09:43
Tue Nov 11 14:09:44 2025,57.014842,9.985865,17,0.80,43.90,13:09:44
Tue Nov 11 14:09:45 2025,57.014842,9.985865,17,0.80,43.90,13:09:45
Tue Nov 11 14:09:46 2025,57.014842,9.985865,17,0.80,43.90,13:09:46
Tue Nov 11 14:09:47 2025,57.014842,9.985865,17,0.80,43.90,13:09:47
Tue Nov 11 14:09:48 2025,57.014842,9.985865,17,0.80,43.90,13:09:48
Tue Nov 11 14:09:49 2025,57.014842,9.985865,18,0.80,43.90,13:09:49
Tue Nov 11 14:09:50 2025,57.014842,9.985865,18,0.80,43.90,13:09:50
Tue Nov 11 14:09:51 2025,57.014842,9.985865,18,0.80,43.90,13:09:51
Tue Nov 11 14:09:52 2025,57.014842,9.985865,18,0.80,44.00,13:09:52
Tue Nov 11 14:09:53 2025,57.014842,9.985865,18,0.80,44.00,13:09:53
Tue Nov 11 14:09:54 2025,57.014842,9.985865,19,0.70,44.00,13:09:54
Tue Nov 11 14:09:55 2025,57.014842,9.985865,19,0.70,44.00,13:09:55
Tue Nov 11 14:09:56 2025,57.014842,9.985865,19,0.70,44.00,13:09:56
Tue Nov 11 14:09:57 2025,57.014842,9.985865,19,0.70,44.00,13:09:57
Tue Nov 11 14:09:58 2025,57.014842,9.985865,19,0.70,44.00,13:09:58
Tue Nov 11 14:09:59 2025,57.014842,9.985865,19,0.70,44.00,13:09:59
Tue Nov 11 14:10:00 2025,57.014842,9.985865,19,0.70,44.00,13:10:00
Tue Nov 11 14:10:01 2025,57.014842,9.985865,19,0.70,44.00,13:10:01
Tue Nov 11 14:10:02 2025,57.014842,9.985865,19,0.70,44.00,13:10:02
Tue Nov 11 14:10:03 2025,57.014842,9.985865,19,0.70,44.00,13:10:03
Tue Nov 11 14:10:04 2025,57.014842,9.985865,19,0.70,44.00,13:10:04
Tue Nov 11 14:10:05 2025,57.014842,9.985866,19,0.70,44.00,13:10:05
Tue Nov 11 14:10:06 2025,57.014842,9.985866,19,0.70,44.00,13:10:06
Tue Nov 11 14:10:07 2025,57.014842,9.985866,19,0.70,44.00,13:10:07
Tue Nov 11 14:10:08 2025,57.014842,9.985866,19,0.70,44.00,13:10:08
Tue Nov 11 14:10:09 2025,57.014842,9.985866,19,0.70,44.00,13:10:09
Tue Nov 11 14:10:10 2025,57.014842,9.985866,19,0.70,44.00,13:10:10
Tue Nov 11 14:10:11 2025,57.014842,9.985866,19,0.70,44.00,13:10:11
Tue Nov 11 14:10:12 2025,57.014842,9.985867,19,0.70,44.00,13:10:12
Tue Nov 11 14:10:13 2025,57.014842,9.985867,19,0.70,44.00,13:10:13
Tue Nov 11 14:10:14 2025,57.014843,9.985867,19,0.70,44.00,13:10:14
Tue Nov 11 14:10:15 2025,57.014843,9.985867,19,0.70,44.00,13:10:15
Tue Nov 11 14:10:16 2025,57.014843,9.985867,19,0.70,44.00,13:10:16
Tue Nov 11 14:10:17 2025,57.014843,9.985867,19,0.70,44.00,13:10:17
Tue Nov 11 14:10:18 2025,57.014843,9.985867,19,0.70,44.00,13:10:18
Tue Nov 11 14:10:19 2025,57.014843,9.985867,19,0.70,44.00,13:10:19
Tue Nov 11 14:10:20 2025,57.014843,9.985867,19,0.70,44.00,13:10:20
Tue Nov 11 14:10:21 2025,57.014843,9.985867,19,0.70,44.00,13:10:21
Tue Nov 11 14:10:22 2025,57.014843,9.985867,19,0.70,44.00,13:10:22
Tue Nov 11 14:10:23 2025,57.014843,9.985867,18,0.70,44.00,13:10:23
Tue Nov 11 14:10:24 2025,57.014843,9.985867,18,0.70,44.00,13:10:24
Tue Nov 11 14:10:25 2025,57.014843,9.985867,18,0.70,44.00,13:10:25
Tue Nov 11 14:10:26 2025,57.014843,9.985867,18,0.70,44.00,13:10:26
Tue Nov 11 14:10:27 2025,57.014843,9.985867,18,0.70,44.00,13:10:27
Tue Nov 11 14:10:28 2025,57.014843,9.985867,18,0.70,44.00,13:10:28
Tue Nov 11 14:10:29 2025,57.014843,9.985867,18,0.70,44.00,13:10:29
Tue Nov 11 14:10:30 2025,57.014843,9.985867,19,0.70,44.00,13:10:30
Tue Nov 11 14:10:31 2025,57.014844,9.985867,19,0.70,44.00,13:10:31
Tue Nov 11 14:10:32 2025,57.014844,9.985867,19,0.70,44.00,13:10:32
Tue Nov 11 14:10:33 2025,57.014844,9.985867,19,0.70,44.00,13:10:33
Tue Nov 11 14:10:34 2025,57.014844,9.985867,19,0.70,44.00,13:10:34
Tue Nov 11 14:10:35 2025,57.014844,9.985867,19,0.70,44.00,13:10:35
Tue Nov 11 14:10:36 2025,57.014844,9.985867,18,0.80,44.00,13:10:36
Tue Nov 11 14:10:37 2025,57.014844,9.985867,18,0.80,44.00,13:10:37
Tue Nov 11 14:10:38 2025,57.014844,9.985867,19,0.70,44.00,13:10:38
Tue Nov 11 14:10:39 2025,57.014845,9.985867,19,0.70,43.90,13:10:39
Tue Nov 11 14:10:40 2025,57.014845,9.985867,19,0.70,43.90,13:10:40
Tue Nov 11 14:10:41 2025,57.014845,9.985867,19,0.70,43.90,13:10:41
Tue Nov 11 14:10:42 2025,57.014845,9.985867,19,0.70,43.90,13:10:42
Tue Nov 11 14:10:43 2025,57.014845,9.985867,19,0.70,43.90,13:10:43
Tue Nov 11 14:10:44 2025,57.014845,9.985867,19,0.70,43.90,13:10:44
Tue Nov 11 14:10:45 2025,57.014845,9.985867,19,0.70,43.90,13:10:45
Tue Nov 11 14:10:46 2025,57.014845,9.985867,19,0.70,43.90,13:10:46
Tue Nov 11 14:10:47 2025,57.014845,9.985867,19,0.70,43.90,13:10:47
Tue Nov 11 14:10:48 2025,57.014845,9.985867,19,0.70,43.90,13:10:48
Tue Nov 11 14:10:49 2025,57.014845,9.985867,19,0.70,43.90,13:10:49
Tue Nov 11 14:10:50 2025,57.014845,9.985867,19,0.70,43.90,13:10:50
Tue Nov 11 14:10:51 2025,57.014845,9.985867,18,0.70,43.90,13:10:51
Tue Nov 11 14:10:52 2025,57.014845,9.985868,18,0.70,43.90,13:10:52
Tue Nov 11 14:10:53 2025,57.014845,9.985868,18,0.70,43.90,13:10:53
Tue Nov 11 14:10:54 2025,57.014845,9.985868,18,0.70,43.90,13:10:54
Tue Nov 11 14:10:55 2025,57.014845,9.985868,17,0.80,43.90,13:10:55
Tue Nov 11 14:10:56 2025,57.014845,9.985868,17,0.80,43.90,13:10:56
Tue Nov 11 14:10:57 2025,57.014845,9.985868,17,0.80,43.90,13:10:57
Tue Nov 11 14:10:58 2025,57.014845,9.985868,17,0.80,43.90,13:10:58
Tue Nov 11 14:10:59 2025,57.014845,9.985868,17,0.80,43.90,13:10:59
Tue Nov 11 14:11:00 2025,57.014845,9.985868,17,0.80,43.90,13:11:00
Tue Nov 11 14:11:01 2025,57.014845,9.985868,17,0.80,43.90,13:11:01
Tue Nov 11 14:11:02 2025,57.014845,9.985868,17,0.80,43.90,13:11:02
Tue Nov 11 14:11:03 2025,57.014845,9.985868,18,0.70,43.90,13:11:03
Tue Nov 11 14:11:04 2025,57.014845,9.985868,18,0.70,43.90,13:11:04
Tue Nov 11 14:11:05 2025,57.014845,9.985868,18,0.70,43.90,13:11:05
Tue Nov 11 14:11:06 2025,57.014845,9.985868,18,0.70,43.90,13:11:06
Tue Nov 11 14:11:07 2025,57.014845,9.985868,18,0.70,43.90,13:11:07
Tue Nov 11 14:11:08 2025,57.014845,9.985868,18,0.70,43.90,13:11:08
Tue Nov 11 14:11:09 2025,57.014845,9.985868,18,0.70,43.90,13:11:09
Tue Nov 11 14:11:10 2025,57.014846,9.985868,18,0.70,43.90,13:11:10
Tue Nov 11 14:11:11 2025,57.014846,9.985868,18,0.70,43.90,13:11:11
Tue Nov 11 14:11:12 2025,57.014846,9.985868,18,0.70,43.90,13:11:12
Tue Nov 11 14:11:13 2025,57.014846,9.985868,18,0.70,43.90,13:11:13
Tue Nov 11 14:11:14 2025,57.014846,9.985868,18,0.70,43.90,13:11:14
Tue Nov 11 14:11:15 2025,57.014846,9.985868,18,0.70,43.90,13:11:15
Tue Nov 11 14:11:16 2025,57.014846,9.985868,18,0.70,43.90,13:11:16
Tue Nov 11 14:11:17 2025,57.014846,9.985868,19,0.70,43.90,13:11:17
Tue Nov 11 14:11:18 2025,57.014846,9.985868,19,0.70,43.90,13:11:18
Tue Nov 11 14:11:19 2025,57.014846,9.985868,19,0.70,43.90,13:11:19
Tue Nov 11 14:11:20 2025,57.014846,9.985868,19,0.70,43.90,13:11:20
Tue Nov 11 14:11:21 2025,57.014846,9.985868,19,0.70,43.90,13:11:21
Tue Nov 11 14:11:22 2025,57.014846,9.985868,19,0.70,43.90,13:11:22
Tue Nov 11 14:11:23 2025,57.014846,9.985868,19,0.70,43.90,13:11:23
Tue Nov 11 14:11:24 2025,57.014846,9.985868,19,0.70,43.90,13:11:24
Tue Nov 11 14:11:25 2025,57.014846,9.985867,19,0.70,43.90,13:11:25
Tue Nov 11 14:11:26 2025,57.014846,9.985867,19,0.70,43.90,13:11:26
Tue Nov 11 14:11:27 2025,57.014846,9.985867,19,0.70,43.90,13:11:27
Tue Nov 11 14:11:28 2025,57.014846,9.985867,19,0.70,43.90,13:11:28
Tue Nov 11 14:11:29 2025,57.014846,9.985867,19,0.70,43.90,13:11:29
Tue Nov 11 14:11:30 2025,57.014846,9.985867,19,0.70,43.90,13:11:30
Tue Nov 11 14:11:31 2025,57.014846,9.985867,19,0.70,43.90,13:11:31
Tue Nov 11 14:11:32 2025,57.014846,9.985867,19,0.70,43.90,13:11:32
Tue Nov 11 14:11:33 2025,57.014845,9.985867,19,0.70,43.90,13:11:33
Tue Nov 11 14:11:34 2025,57.014845,9.985867,19,0.70,43.90,13:11:34
Tue Nov 11 14:11:35 2025,57.014845,9.985867,19,0.70,43.90,13:11:35
Tue Nov 11 14:11:36 2025,57.014845,9.985867,19,0.70,43.90,13:11:36
Tue Nov 11 14:11:37 2025,57.014845,9.985867,19,0.70,43.90,13:11:37
Tue Nov 11 14:11:38 2025,57.014845,9.985867,19,0.70,43.90,13:11:38
Tue Nov 11 14:11:39 2025,57.014845,9.985867,19,0.70,43.90,13:11:39
Tue Nov 11 14:11:40 2025,57.014845,9.985867,19,0.70,43.90,13:11:40
Tue Nov 11 14:11:41 2025,57.014845,9.985867,19,0.70,43.90,13:11:41
Tue Nov 11 14:11:42 2025,57.014845,9.985867,19,0.70,43.90,13:11:42
Tue Nov 11 14:11:43 2025,57.014845,9.985867,19,0.70,43.90,13:11:43
Tue Nov 11 14:11:44 2025,57.014845,9.985867,19,0.70,43.90,13:11:44
Tue Nov 11 14:11:45 2025,57.014845,9.985867,19,0.70,43.90,13:11:45
Tue Nov 11 14:11:46 2025,57.014845,9.985867,19,0.70,43.90,13:11:46
Tue Nov 11 14:11:47 2025,57.014845,9.985867,19,0.70,43.90,13:11:47
Tue Nov 11 14:11:48 2025,57.014845,9.985866,19,0.70,43.90,13:11:48
Tue Nov 11 14:11:49 2025,57.014845,9.985866,19,0.70,43.90,13:11:49
Tue Nov 11 14:11:50 2025,57.014845,9.985866,19,0.70,43.90,13:11:50
Tue Nov 11 14:11:51 2025,57.014845,9.985866,19,0.70,43.90,13:11:51
Tue Nov 11 14:11:52 2025,57.014845,9.985866,19,0.70,43.80,13:11:52
Tue Nov 11 14:11:53 2025,57.014845,9.985866,19,0.70,43.80,13:11:53
Tue Nov 11 14:11:54 2025,57.014845,9.985866,19,0.70,43.80,13:11:54
Tue Nov 11 14:11:55 2025,57.014845,9.985866,19,0.70,43.80,13:11:55
Tue Nov 11 14:11:56 2025,57.014845,9.985866,19,0.70,43.80,13:11:56
Tue Nov 11 14:11:57 2025,57.014845,9.985866,19,0.70,43.80,13:11:57
Tue Nov 11 14:11:58 2025,57.014845,9.985865,19,0.70,43.80,13:11:58
Tue Nov 11 14:11:59 2025,57.014844,9.985865,19,0.70,43.80,13:11:59
Tue Nov 11 14:12:00 2025,57.014844,9.985865,19,0.70,43.80,13:12:00
Tue Nov 11 14:12:01 2025,57.014844,9.985865,19,0.70,43.80,13:12:01
Tue Nov 11 14:12:02 2025,57.014844,9.985865,19,0.70,43.80,13:12:02
Tue Nov 11 14:12:03 2025,57.014844,9.985865,19,0.70,43.80,13:12:03
Tue Nov 11 14:12:04 2025,57.014844,9.985865,19,0.70,43.80,13:12:04
Tue Nov 11 14:12:05 2025,57.014844,9.985864,19,0.70,43.80,13:12:05
Tue Nov 11 14:12:06 2025,57.014844,9.985864,19,0.70,43.80,13:12:06
Tue Nov 11 14:12:07 2025,57.014844,9.985864,19,0.70,43.80,13:12:07
Tue Nov 11 14:12:08 2025,57.014844,9.985864,19,0.70,43.80,13:12:08
Tue Nov 11 14:12:09 2025,57.014844,9.985864,19,0.70,43.80,13:12:09
Tue Nov 11 14:12:10 2025,57.014844,9.985864,19,0.70,43.80,13:12:10
Tue Nov 11 14:12:11 2025,57.014844,9.985864,19,0.70,43.80,13:12:11
Tue Nov 11 14:12:12 2025,57.014844,9.985864,19,0.70,43.80,13:12:12
Tue Nov 11 14:12:13 2025,57.014844,9.985864,19,0.70,43.80,13:12:13
Tue Nov 11 14:12:14 2025,57.014844,9.985864,19,0.70,43.80,13:12:14
Tue Nov 11 14:12:15 2025,57.014844,9.985864,19,0.70,43.70,13:12:15
Tue Nov 11 14:12:16 2025,57.014844,9.985864,19,0.70,43.70,13:12:16
Tue Nov 11 14:12:17 2025,57.014844,9.985864,19,0.70,43.70,13:12:17
Tue Nov 11 14:12:18 2025,57.014843,9.985864,18,0.80,43.70,13:12:18
Tue Nov 11 14:12:19 2025,57.014843,9.985864,18,0.80,43.70,13:12:19
Tue Nov 11 14:12:20 2025,57.014843,9.985864,18,0.80,43.70,13:12:20
Tue Nov 11 14:12:21 2025,57.014843,9.985864,18,0.80,43.70,13:12:21
Tue Nov 11 14:12:22 2025,57.014843,9.985864,19,0.70,43.70,13:12:22
Tue Nov 11 14:12:23 2025,57.014843,9.985864,19,0.70,43.70,13:12:23
Tue Nov 11 14:12:24 2025,57.014843,9.985864,19,0.70,43.70,13:12:24
Tue Nov 11 14:12:25 2025,57.014843,9.985865,19,0.70,43.70,13:12:25
Tue Nov 11 14:12:26 2025,57.014843,9.985865,19,0.70,43.70,13:12:26
Tue Nov 11 14:12:27 2025,57.014842,9.985865,19,0.70,43.70,13:12:27
Tue Nov 11 14:12:28 2025,57.014842,9.985865,19,0.70,43.70,13:12:28
Tue Nov 11 14:12:29 2025,57.014842,9.985865,19,0.70,43.70,13:12:29
Tue Nov 11 14:12:30 2025,57.014842,9.985865,19,0.70,43.70,13:12:30
Tue Nov 11 14:12:31 2025,57.014842,9.985865,19,0.70,43.70,13:12:31
Tue Nov 11 14:12:32 2025,57.014841,9.985865,19,0.70,43.70,13:12:32
Tue Nov 11 14:12:33 2025,57.014841,9.985865,19,0.70,43.70,13:12:33
Tue Nov 11 14:12:34 2025,57.014841,9.985866,19,0.70,43.70,13:12:34
Tue Nov 11 14:12:35 2025,57.014841,9.985866,19,0.70,43.70,13:12:35
Tue Nov 11 14:12:36 2025,57.014841,9.985866,19,0.70,43.70,13:12:36
Tue Nov 11 14:12:37 2025,57.014840,9.985866,19,0.70,43.70,13:12:37
Tue Nov 11 14:12:38 2025,57.014840,9.985866,19,0.70,43.60,13:12:38
Tue Nov 11 14:12:39 2025,57.014840,9.985866,19,0.70,43.60,13:12:39
Tue Nov 11 14:12:40 2025,57.014840,9.985867,19,0.70,43.60,13:12:40
Tue Nov 11 14:12:41 2025,57.014840,9.985867,19,0.70,43.60,13:12:41
Tue Nov 11 14:12:42 2025,57.014840,9.985867,19,0.70,43.60,13:12:42
Tue Nov 11 14:12:43 2025,57.014840,9.985867,19,0.70,43.60,13:12:43
Tue Nov 11 14:12:44 2025,57.014840,9.985867,19,0.70,43.60,13:12:44
Tue Nov 11 14:12:45 2025,57.014840,9.985867,19,0.70,43.60,13:12:45
Tue Nov 11 14:12:46 2025,57.014840,9.985867,19,0.70,43.60,13:12:46
Tue Nov 11 14:12:47 2025,57.014840,9.985867,19,0.70,43.60,13:12:47
Tue Nov 11 14:12:48 2025,57.014840,9.985868,19,0.70,43.60,13:12:48
Tue Nov 11 14:12:49 2025,57.014840,9.985868,19,0.70,43.60,13:12:49
Tue Nov 11 14:12:50 2025,57.014840,9.985868,19,0.70,43.60,13:12:50
Tue Nov 11 14:12:51 2025,57.014840,9.985868,19,0.70,43.60,13:12:51
Tue Nov 11 14:12:52 2025,57.014840,9.985868,19,0.70,43.60,13:12:52
Tue Nov 11 14:12:53 2025,57.014840,9.985868,19,0.70,43.60,13:12:53
Tue Nov 11 14:12:54 2025,57.014840,9.985869,19,0.70,43.50,13:12:54
Tue Nov 11 14:12:55 2025,57.014840,9.985869,19,0.70,43.50,13:12:55
Tue Nov 11 14:12:56 2025,57.014840,9.985869,19,0.70,43.50,13:12:56
Tue Nov 11 14:12:57 2025,57.014840,9.985869,19,0.70,43.50,13:12:57
Tue Nov 11 14:12:58 2025,57.014840,9.985869,19,0.70,43.50,13:12:58
Tue Nov 11 14:12:59 2025,57.014840,9.985869,19,0.70,43.50,13:12:59
Tue Nov 11 14:13:00 2025,57.014840,9.985869,19,0.70,43.50,13:13:00
Tue Nov 11 14:13:01 2025,57.014840,9.985869,19,0.70,43.50,13:13:01
Tue Nov 11 14:13:02 2025,57.014839,9.985869,19,0.70,43.50,13:13:02
Tue Nov 11 14:13:03 2025,57.014839,9.985869,19,0.70,43.50,13:13:03
Tue Nov 11 14:13:04 2025,57.014839,9.985869,19,0.70,43.50,13:13:04
Tue Nov 11 14:13:05 2025,57.014839,9.985869,19,0.70,43.40,13:13:05
Tue Nov 11 14:13:06 2025,57.014839,9.985869,19,0.70,43.40,13:13:06
Tue Nov 11 14:13:07 2025,57.014839,9.985869,19,0.70,43.40,13:13:07
Tue Nov 11 14:13:08 2025,57.014839,9.985869,19,0.70,43.40,13:13:08
Tue Nov 11 14:13:09 2025,57.014839,9.985869,19,0.70,43.40,13:13:09
Tue Nov 11 14:13:10 2025,57.014839,9.985869,19,0.70,43.40,13:13:10
Tue Nov 11 14:13:11 2025,57.014839,9.985869,19,0.70,43.40,13:13:11
Tue Nov 11 14:13:12 2025,57.014839,9.985869,19,0.70,43.40,13:13:12
Tue Nov 11 14:13:13 2025,57.014839,9.985869,19,0.70,43.40,13:13:13
Tue Nov 11 14:13:14 2025,57.014839,9.985869,19,0.70,43.40,13:13:14
Tue Nov 11 14:13:15 2025,57.014838,9.985869,19,0.70,43.40,13:13:15
Tue Nov 11 14:13:16 2025,57.014838,9.985869,19,0.70,43.40,13:13:16
Tue Nov 11 14:13:17 2025,57.014838,9.985869,19,0.70,43.30,13:13:17
Tue Nov 11 14:13:18 2025,57.014838,9.985869,19,0.70,43.30,13:13:18
Tue Nov 11 14:13:19 2025,57.014838,9.985869,19,0.70,43.30,13:13:19
Tue Nov 11 14:13:20 2025,57.014838,9.985869,19,0.70,43.30,13:13:20
Tue Nov 11 14:13:21 2025,57.014838,9.985869,19,0.70,43.30,13:13:21
Tue Nov 11 14:13:22 2025,57.014838,9.985869,19,0.70,43.30,13:13:22
Tue Nov 11 14:13:23 2025,57.014838,9.985869,19,0.70,43.30,13:13:23
Tue Nov 11 14:13:24 2025,57.014838,9.985869,19,0.70,43.30,13:13:24
Tue Nov 11 14:13:25 2025,57.014838,9.985869,19,0.70,43.30,13:13:25
Tue Nov 11 14:13:26 2025,57.014838,9.985869,19,0.70,43.30,13:13:26
Tue Nov 11 14:13:27 2025,57.014838,9.985868,19,0.70,43.30,13:13:27
Tue Nov 11 14:13:28 2025,57.014838,9.985868,19,0.70,43.30,13:13:28
Tue Nov 11 14:13:29 2025,57.014838,9.985868,19,0.70,43.30,13:13:29
Tue Nov 11 14:13:30 2025,57.014838,9.985868,19,0.70,43.30,13:13:30
Tue Nov 11 14:13:31 2025,57.014838,9.985868,19,0.70,43.20,13:13:31
Tue Nov 11 14:13:32 2025,57.014838,9.985868,19,0.70,43.20,13:13:32
Tue Nov 11 14:13:33 2025,57.014838,9.985868,19,0.70,43.20,13:13:33
Tue Nov 11 14:13:34 2025,57.014837,9.985868,19,0.70,43.20,13:13:34
Tue Nov 11 14:13:35 2025,57.014837,9.985867,19,0.70,43.20,13:13:35
Tue Nov 11 14:13:36 2025,57.014837,9.985867,19,0.70,43.20,13:13:36
Tue Nov 11 14:13:37 2025,57.014837,9.985867,19,0.70,43.20,13:13:37
Tue Nov 11 14:13:38 2025,57.014837,9.985867,19,0.70,43.20,13:13:38
Tue Nov 11 14:13:39 2025,57.014837,9.985867,19,0.70,43.20,13:13:39
Tue Nov 11 14:13:40 2025,57.014837,9.985867,19,0.70,43.20,13:13:40
Tue Nov 11 14:13:41 2025,57.014837,9.985867,19,0.70,43.20,13:13:41
Tue Nov 11 14:13:42 2025,57.014837,9.985867,19,0.70,43.20,13:13:42
Tue Nov 11 14:13:43 2025,57.014837,9.985867,19,0.70,43.20,13:13:43
Tue Nov 11 14:13:44 2025,57.014837,9.985867,19,0.70,43.20,13:13:44
Tue Nov 11 14:13:45 2025,57.014837,9.985867,19,0.70,43.20,13:13:45
Tue Nov 11 14:13:46 2025,57.014837,9.985867,19,0.70,43.20,13:13:46
Tue Nov 11 14:13:47 2025,57.014837,9.985867,19,0.70,43.20,13:13:47
Tue Nov 11 14:13:48 2025,57.014837,9.985867,19,0.70,43.20,13:13:48
Tue Nov 11 14:13:49 2025,57.014837,9.985866,19,0.70,43.20,13:13:49
Tue Nov 11 14:13:50 2025,57.014837,9.985866,19,0.70,43.20,13:13:50
Tue Nov 11 14:13:51 2025,57.014837,9.985866,19,0.70,43.20,13:13:51
Tue Nov 11 14:13:52 2025,57.014837,9.985866,19,0.70,43.20,13:13:52
Tue Nov 11 14:13:53 2025,57.014837,9.985866,19,0.70,43.10,13:13:53
Tue Nov 11 14:13:54 2025,57.014837,9.985866,19,0.70,43.10,13:13:54
Tue Nov 11 14:13:55 2025,57.014837,9.985866,19,0.70,43.10,13:13:55
Tue Nov 11 14:13:56 2025,57.014837,9.985866,19,0.70,43.10,13:13:56
Tue Nov 11 14:13:57 2025,57.014837,9.985866,19,0.70,43.10,13:13:57
Tue Nov 11 14:13:58 2025,57.014837,9.985866,19,0.70,43.10,13:13:58
Tue Nov 11 14:13:59 2025,57.014837,9.985866,19,0.70,43.10,13:13:59
Tue Nov 11 14:14:00 2025,57.014837,9.985866,19,0.70,43.10,13:14:00
Tue Nov 11 14:14:01 2025,57.014837,9.985866,19,0.70,43.10,13:14:01
Tue Nov 11 14:14:02 2025,57.014837,9.985866,19,0.70,43.10,13:14:02
Tue Nov 11 14:14:03 2025,57.014837,9.985866,19,0.70,43.10,13:14:03
Tue Nov 11 14:14:04 2025,57.014837,9.985866,19,0.70,43.10,13:14:04
Tue Nov 11 14:14:05 2025,57.014837,9.985866,19,0.70,43.10,13:14:05
Tue Nov 11 14:14:06 2025,57.014837,9.985866,19,0.70,43.10,13:14:06
Tue Nov 11 14:14:07 2025,57.014836,9.985866,19,0.70,43.10,13:14:07
Tue Nov 11 14:14:08 2025,57.014836,9.985866,19,0.70,43.10,13:14:08
Tue Nov 11 14:14:09 2025,57.014836,9.985866,19,0.70,43.00,13:14:09
Tue Nov 11 14:14:10 2025,57.014836,9.985866,19,0.70,43.00,13:14:10
Tue Nov 11 14:14:11 2025,57.014836,9.985866,19,0.70,43.00,13:14:11
Tue Nov 11 14:14:12 2025,57.014836,9.985866,19,0.70,43.00,13:14:12
Tue Nov 11 14:14:13 2025,57.014836,9.985866,19,0.70,43.00,13:14:13
Tue Nov 11 14:14:14 2025,57.014836,9.985867,19,0.70,43.00,13:14:14
Tue Nov 11 14:14:15 2025,57.014836,9.985867,19,0.70,43.00,13:14:15
Tue Nov 11 14:14:16 2025,57.014836,9.985867,19,0.70,43.00,13:14:16
Tue Nov 11 14:14:17 2025,57.014836,9.985867,19,0.70,43.00,13:14:17
Tue Nov 11 14:14:18 2025,57.014836,9.985867,19,0.70,43.00,13:14:18
Tue Nov 11 14:14:19 2025,57.014836,9.985867,19,0.70,43.00,13:14:19
Tue Nov 11 14:14:20 2025,57.014836,9.985867,19,0.70,43.00,13:14:20
Tue Nov 11 14:14:21 2025,57.014836,9.985867,19,0.70,43.00,13:14:21
Tue Nov 11 14:14:22 2025,57.014836,9.985867,19,0.70,43.00,13:14:22
Tue Nov 11 14:14:23 2025,57.014836,9.985867,19,0.70,43.00,13:14:23
Tue Nov 11 14:14:24 2025,57.014836,9.985867,19,0.70,43.00,13:14:24
Tue Nov 11 14:14:25 2025,57.014836,9.985867,19,0.70,43.00,13:14:25
Tue Nov 11 14:14:26 2025,57.014836,9.985867,19,0.70,43.00,13:14:26
Tue Nov 11 14:14:27 2025,57.014836,9.985867,19,0.70,43.00,13:14:27
Tue Nov 11 14:14:28 2025,57.014836,9.985866,19,0.70,43.00,13:14:28
Tue Nov 11 14:14:29 2025,57.014836,9.985866,19,0.70,43.00,13:14:29
Tue Nov 11 14:14:30 2025,57.014836,9.985866,19,0.70,43.00,13:14:30
Tue Nov 11 14:14:31 2025,57.014836,9.985866,19,0.70,43.00,13:14:31
Tue Nov 11 14:14:32 2025,57.014836,9.985866,19,0.70,42.90,13:14:32
Tue Nov 11 14:14:33 2025,57.014836,9.985866,19,0.70,42.90,13:14:33
Tue Nov 11 14:14:34 2025,57.014836,9.985866,19,0.70,42.90,13:14:34
Tue Nov 11 14:14:35 2025,57.014836,9.985866,19,0.70,42.90,13:14:35
Tue Nov 11 14:14:36 2025,57.014835,9.985866,19,0.70,42.90,13:14:36
Tue Nov 11 14:14:37 2025,57.014835,9.985866,19,0.70,42.90,13:14:37
Tue Nov 11 14:14:38 2025,57.014835,9.985866,19,0.70,42.90,13:14:38
Tue Nov 11 14:14:39 2025,57.014835,9.985866,19,0.70,42.90,13:14:39
Tue Nov 11 14:14:40 2025,57.014835,9.985866,19,0.70,42.90,13:14:40
Tue Nov 11 14:14:41 2025,57.014835,9.985866,19,0.70,42.90,13:14:41
Tue Nov 11 14:14:42 2025,57.014835,9.985866,19,0.70,42.90,13:14:42
Tue Nov 11 14:14:43 2025,57.014835,9.985866,19,0.70,42.90,13:14:43
Tue Nov 11 14:14:44 2025,57.014835,9.985866,19,0.70,42.90,13:14:44
Tue Nov 11 14:14:45 2025,57.014835,9.985866,19,0.70,42.90,13:14:45
Tue Nov 11 14:14:46 2025,57.014835,9.985866,18,0.70,42.90,13:14:46
Tue Nov 11 14:14:47 2025,57.014835,9.985866,18,0.70,42.90,13:14:47
Tue Nov 11 14:14:48 2025,57.014835,9.985866,18,0.70,42.90,13:14:48
Tue Nov 11 14:14:49 2025,57.014835,9.985866,18,0.70,42.90,13:14:49
Tue Nov 11 14:14:50 2025,57.014834,9.985866,18,0.70,42.90,13:14:50
Tue Nov 11 14:14:51 2025,57.014834,9.985866,18,0.70,42.90,13:14:51
Tue Nov 11 14:14:52 2025,57.014834,9.985866,18,0.70,42.90,13:14:52
Tue Nov 11 14:14:53 2025,57.014834,9.985866,18,0.70,42.90,13:14:53
Tue Nov 11 14:14:54 2025,57.014834,9.985866,18,0.70,42.80,13:14:54
Tue Nov 11 14:14:55 2025,57.014834,9.985866,18,0.70,42.80,13:14:55
Tue Nov 11 14:14:56 2025,57.014834,9.985866,18,0.70,42.80,13:14:56
Tue Nov 11 14:14:57 2025,57.014834,9.985866,18,0.70,42.80,13:14:57
Tue Nov 11 14:14:58 2025,57.014834,9.985866,18,0.70,42.80,13:14:58
Tue Nov 11 14:14:59 2025,57.014834,9.985866,18,0.70,42.80,13:14:59
Tue Nov 11 14:15:00 2025,57.014834,9.985865,18,0.70,42.80,13:15:00
Tue Nov 11 14:15:01 2025,57.014834,9.985865,18,0.70,42.80,13:15:01
Tue Nov 11 14:15:02 2025,57.014834,9.985865,18,0.70,42.80,13:15:02
Tue Nov 11 14:15:03 2025,57.014834,9.985865,18,0.70,42.80,13:15:03
Tue Nov 11 14:15:04 2025,57.014834,9.985865,18,0.70,42.80,13:15:05
Tue Nov 11 14:15:05 2025,57.014834,9.985865,18,0.70,42.80,13:15:05
Tue Nov 11 14:15:06 2025,57.014834,9.985865,18,0.70,42.80,13:15:07
Tue Nov 11 14:15:07 2025,57.014834,9.985865,18,0.70,42.80,13:15:07
Tue Nov 11 14:15:08 2025,57.014834,9.985865,18,0.70,42.80,13:15:08
Tue Nov 11 14:15:09 2025,57.014834,9.985865,18,0.70,42.70,13:15:10
Tue Nov 11 14:15:10 2025,57.014834,9.985865,18,0.70,42.70,13:15:10
Tue Nov 11 14:15:11 2025,57.014834,9.985865,18,0.70,42.70,13:15:12
Tue Nov 11 14:15:12 2025,57.014834,9.985865,18,0.70,42.70,13:15:13
Tue Nov 11 14:15:13 2025,57.014834,9.985865,18,0.70,42.70,13:15:14
Tue Nov 11 14:15:14 2025,57.014834,9.985865,18,0.70,42.70,13:15:15
Tue Nov 11 14:15:15 2025,57.014833,9.985865,18,0.70,42.70,13:15:16
Tue Nov 11 14:15:16 2025,57.014833,9.985865,18,0.70,42.60,13:15:17
Tue Nov 11 14:15:17 2025,57.014833,9.985865,18,0.70,42.60,13:15:18
Tue Nov 11 14:15:18 2025,57.014833,9.985865,18,0.70,42.60,13:15:18
Tue Nov 11 14:15:19 2025,57.014833,9.985865,19,0.70,42.60,13:15:20
Tue Nov 11 14:15:20 2025,57.014833,9.985865,19,0.70,42.60,13:15:21
Tue Nov 11 14:15:21 2025,57.014833,9.985865,19,0.70,42.60,13:15:22
Tue Nov 11 14:15:22 2025,57.014833,9.985865,19,0.70,42.60,13:15:23
Tue Nov 11 14:15:23 2025,57.014833,9.985865,19,0.70,42.60,13:15:24
Tue Nov 11 14:15:24 2025,57.014833,9.985865,19,0.70,42.60,13:15:25
Tue Nov 11 14:15:25 2025,57.014833,9.985865,19,0.70,42.50,13:15:26
Tue Nov 11 14:15:26 2025,57.014833,9.985865,19,0.70,42.50,13:15:27
Tue Nov 11 14:15:27 2025,57.014833,9.985865,19,0.70,42.50,13:15:28
Tue Nov 11 14:15:28 2025,57.014833,9.985865,19,0.70,42.50,13:15:29
Tue Nov 11 14:15:29 2025,57.014833,9.985865,19,0.70,42.50,13:15:30
Tue Nov 11 14:15:30 2025,57.014833,9.985865,19,0.70,42.50,13:15:31
Tue Nov 11 14:15:31 2025,57.014833,9.985865,19,0.70,42.50,13:15:32
Tue Nov 11 14:15:32 2025,57.014833,9.985865,19,0.70,42.50,13:15:33
Tue Nov 11 14:15:33 2025,57.014833,9.985865,19,0.70,42.50,13:15:34
Tue Nov 11 14:15:34 2025,57.014833,9.985865,19,0.70,42.50,13:15:35
Tue Nov 11 14:15:35 2025,57.014833,9.985865,19,0.70,42.50,13:15:36
Tue Nov 11 14:15:36 2025,57.014832,9.985865,19,0.70,42.50,13:15:37
Tue Nov 11 14:15:37 2025,57.014832,9.985865,19,0.70,42.50,13:15:38
Tue Nov 11 14:15:38 2025,57.014832,9.985865,19,0.70,42.50,13:15:39
Tue Nov 11 14:15:39 2025,57.014832,9.985865,19,0.70,42.50,13:15:40
Tue Nov 11 14:15:40 2025,57.014832,9.985865,19,0.70,42.50,13:15:41
Tue Nov 11 14:15:41 2025,57.014832,9.985865,19,0.70,42.50,13:15:42
Tue Nov 11 14:15:42 2025,57.014832,9.985864,19,0.70,42.50,13:15:43
Tue Nov 11 14:15:43 2025,57.014832,9.985864,19,0.70,42.50,13:15:44
Tue Nov 11 14:15:44 2025,57.014832,9.985864,19,0.70,42.50,13:15:45
Tue Nov 11 14:15:45 2025,57.014832,9.985864,19,0.70,42.50,13:15:46
Tue Nov 11 14:15:46 2025,57.014832,9.985864,19,0.70,42.50,13:15:47
Tue Nov 11 14:15:47 2025,57.014832,9.985864,19,0.70,42.50,13:15:48
Tue Nov 11 14:15:48 2025,57.014832,9.985864,19,0.70,42.50,13:15:49
Tue Nov 11 14:15:49 2025,57.014832,9.985864,19,0.70,42.50,13:15:50
Tue Nov 11 14:15:50 2025,57.014832,9.985864,19,0.70,42.40,13:15:51
Tue Nov 11 14:15:51 2025,57.014832,9.985864,19,0.70,42.40,13:15:52
Tue Nov 11 14:15:52 2025,57.014832,9.985864,19,0.70,42.40,13:15:53
Tue Nov 11 14:15:53 2025,57.014832,9.985864,19,0.70,42.40,13:15:54
Tue Nov 11 14:15:54 2025,57.014832,9.985864,19,0.70,42.40,13:15:55
Tue Nov 11 14:15:55 2025,57.014832,9.985864,19,0.70,42.40,13:15:56
Tue Nov 11 14:15:56 2025,57.014832,9.985864,19,0.70,42.40,13:15:57
Tue Nov 11 14:15:57 2025,57.014832,9.985864,19,0.70,42.40,13:15:58
Tue Nov 11 14:15:58 2025,57.014831,9.985864,19,0.70,42.40,13:15:59
Tue Nov 11 14:15:59 2025,57.014831,9.985864,19,0.70,42.40,13:16:00
Tue Nov 11 14:16:00 2025,57.014831,9.985864,19,0.70,42.40,13:16:01
Tue Nov 11 14:16:01 2025,57.014831,9.985864,19,0.70,42.40,13:16:02
Tue Nov 11 14:16:02 2025,57.014831,9.985864,19,0.70,42.40,13:16:03
Tue Nov 11 14:16:03 2025,57.014831,9.985864,19,0.70,42.40,13:16:04
Tue Nov 11 14:16:04 2025,57.014831,9.985864,19,0.70,42.40,13:16:05
Tue Nov 11 14:16:05 2025,57.014831,9.985864,19,0.70,42.40,13:16:06
Tue Nov 11 14:16:06 2025,57.014831,9.985863,18,0.70,42.40,13:16:07
Tue Nov 11 14:16:07 2025,57.014831,9.985863,18,0.70,42.40,13:16:08
Tue Nov 11 14:16:08 2025,57.014831,9.985863,18,0.70,42.40,13:16:09
Tue Nov 11 14:16:09 2025,57.014831,9.985863,18,0.70,42.40,13:16:10
Tue Nov 11 14:16:10 2025,57.014831,9.985863,18,0.70,42.40,13:16:11
Tue Nov 11 14:16:11 2025,57.014831,9.985862,18,0.70,42.40,13:16:12
Tue Nov 11 14:16:12 2025,57.014830,9.985862,18,0.70,42.40,13:16:13
Tue Nov 11 14:16:13 2025,57.014830,9.985862,18,0.70,42.40,13:16:14
Tue Nov 11 14:16:14 2025,57.014830,9.985862,18,0.70,42.40,13:16:15
Tue Nov 11 14:16:15 2025,57.014830,9.985861,19,0.70,42.40,13:16:16
Tue Nov 11 14:16:16 2025,57.014830,9.985861,19,0.70,42.40,13:16:17
Tue Nov 11 14:16:17 2025,57.014830,9.985861,19,0.70,42.30,13:16:18
Tue Nov 11 14:16:18 2025,57.014830,9.985861,19,0.70,42.30,13:16:19
Tue Nov 11 14:16:19 2025,57.014830,9.985860,19,0.70,42.30,13:16:20
Tue Nov 11 14:16:20 2025,57.014830,9.985860,19,0.70,42.30,13:16:21
Tue Nov 11 14:16:21 2025,57.014830,9.985860,19,0.70,42.30,13:16:22
Tue Nov 11 14:16:22 2025,57.014830,9.985860,19,0.70,42.30,13:16:23
Tue Nov 11 14:16:23 2025,57.014830,9.985860,19,0.70,42.30,13:16:24
Tue Nov 11 14:16:24 2025,57.014830,9.985859,19,0.70,42.30,13:16:25
Tue Nov 11 14:16:25 2025,57.014829,9.985859,19,0.70,42.30,13:16:26
Tue Nov 11 14:16:26 2025,57.014829,9.985859,19,0.70,42.30,13:16:27
Tue Nov 11 14:16:27 2025,57.014829,9.985859,19,0.70,42.30,13:16:28
Tue Nov 11 14:16:28 2025,57.014829,9.985859,19,0.70,42.30,13:16:29
Tue Nov 11 14:16:29 2025,57.014829,9.985859,19,0.70,42.30,13:16:30
Tue Nov 11 14:16:30 2025,57.014829,9.985859,19,0.70,42.30,13:16:31
Tue Nov 11 14:16:31 2025,57.014829,9.985859,19,0.70,42.30,13:16:32
Tue Nov 11 14:16:32 2025,57.014829,9.985859,19,0.70,42.30,13:16:33
Tue Nov 11 14:16:33 2025,57.014829,9.985859,19,0.70,42.30,13:16:34
Tue Nov 11 14:16:34 2025,57.014829,9.985859,19,0.70,42.30,13:16:35
Tue Nov 11 14:16:35 2025,57.014829,9.985859,19,0.70,42.30,13:16:36
Tue Nov 11 14:16:36 2025,57.014829,9.985859,19,0.70,42.30,13:16:37
Tue Nov 11 14:16:37 2025,57.014828,9.985859,19,0.70,42.30,13:16:38
Tue Nov 11 14:16:38 2025,57.014828,9.985859,19,0.70,42.30,13:16:39
Tue Nov 11 14:16:39 2025,57.014828,9.985859,19,0.70,42.30,13:16:40
Tue Nov 11 14:16:40 2025,57.014828,9.985859,19,0.70,42.30,13:16:41
Tue Nov 11 14:16:41 2025,57.014828,9.985859,19,0.70,42.30,13:16:42
Tue Nov 11 14:16:42 2025,57.014828,9.985859,19,0.70,42.20,13:16:43
Tue Nov 11 14:16:43 2025,57.014828,9.985859,19,0.70,42.20,13:16:44
Tue Nov 11 14:16:44 2025,57.014828,9.985859,18,0.80,42.20,13:16:45
Tue Nov 11 14:16:45 2025,57.014828,9.985859,18,0.80,42.20,13:16:46
Tue Nov 11 14:16:46 2025,57.014828,9.985859,18,0.80,42.20,13:16:47
Tue Nov 11 14:16:47 2025,57.014827,9.985859,18,0.80,42.20,13:16:48
Tue Nov 11 14:16:48 2025,57.014827,9.985859,19,0.70,42.20,13:16:49
Tue Nov 11 14:16:49 2025,57.014827,9.985859,19,0.70,42.20,13:16:50
Tue Nov 11 14:16:50 2025,57.014827,9.985859,19,0.70,42.20,13:16:51
Tue Nov 11 14:16:51 2025,57.014827,9.985859,19,0.70,42.20,13:16:52
Tue Nov 11 14:16:52 2025,57.014827,9.985859,19,0.70,42.20,13:16:53
Tue Nov 11 14:16:53 2025,57.014827,9.985859,19,0.70,42.20,13:16:54
Tue Nov 11 14:16:54 2025,57.014827,9.985860,19,0.70,42.20,13:16:55
Tue Nov 11 14:16:55 2025,57.014827,9.985860,19,0.70,42.20,13:16:56
Tue Nov 11 14:16:56 2025,57.014827,9.985860,19,0.70,42.20,13:16:57
Tue Nov 11 14:16:57 2025,57.014827,9.985860,19,0.70,42.20,13:16:58
Tue Nov 11 14:16:58 2025,57.014827,9.985860,19,0.70,42.20,13:16:59
Tue Nov 11 14:16:59 2025,57.014827,9.985860,19,0.70,42.20,13:17:00
Tue Nov 11 14:17:00 2025,57.014827,9.985860,20,0.60,42.20,13:17:01
Tue Nov 11 14:17:01 2025,57.014827,9.985861,20,0.60,42.20,13:17:02
Tue Nov 11 14:17:02 2025,57.014827,9.985861,20,0.60,42.20,13:17:03
Tue Nov 11 14:17:03 2025,57.014827,9.985861,20,0.60,42.20,13:17:04
Tue Nov 11 14:17:04 2025,57.014827,9.985861,20,0.60,42.20,13:17:05
Tue Nov 11 14:17:05 2025,57.014827,9.985862,20,0.60,42.20,13:17:06
Tue Nov 11 14:17:06 2025,57.014827,9.985862,20,0.60,42.20,13:17:07
Tue Nov 11 14:17:07 2025,57.014827,9.985862,20,0.60,42.10,13:17:08
Tue Nov 11 14:17:08 2025,57.014827,9.985862,20,0.60,42.10,13:17:09
Tue Nov 11 14:17:09 2025,57.014827,9.985862,20,0.60,42.10,13:17:10
Tue Nov 11 14:17:10 2025,57.014827,9.985862,20,0.60,42.10,13:17:11
Tue Nov 11 14:17:11 2025,57.014827,9.985862,20,0.60,42.10,13:17:12
Tue Nov 11 14:17:12 2025,57.014826,9.985862,20,0.60,42.10,13:17:13
Tue Nov 11 14:17:13 2025,57.014826,9.985863,20,0.60,42.10,13:17:14
Tue Nov 11 14:17:14 2025,57.014826,9.985863,20,0.60,42.10,13:17:15
Tue Nov 11 14:17:15 2025,57.014826,9.985863,20,0.60,42.10,13:17:16
Tue Nov 11 14:17:16 2025,57.014826,9.985863,20,0.60,42.10,13:17:17
Tue Nov 11 14:17:17 2025,57.014826,9.985863,20,0.60,42.10,13:17:18
Tue Nov 11 14:17:18 2025,57.014826,9.985863,20,0.60,42.10,13:17:19
Tue Nov 11 14:17:19 2025,57.014826,9.985864,20,0.60,42.10,13:17:20
Tue Nov 11 14:17:20 2025,57.014826,9.985864,20,0.60,42.10,13:17:21
Tue Nov 11 14:17:21 2025,57.014826,9.985864,20,0.60,42.10,13:17:22
Tue Nov 11 14:17:22 2025,57.014826,9.985864,20,0.60,42.10,13:17:23
Tue Nov 11 14:17:23 2025,57.014826,9.985864,20,0.60,42.10,13:17:24
Tue Nov 11 14:17:24 2025,57.014826,9.985864,20,0.60,42.10,13:17:25
Tue Nov 11 14:17:25 2025,57.014826,9.985865,20,0.60,42.10,13:17:26
Tue Nov 11 14:17:26 2025,57.014825,9.985865,20,0.60,42.00,13:17:27
Tue Nov 11 14:17:27 2025,57.014825,9.985865,20,0.60,42.00,13:17:28
Tue Nov 11 14:17:28 2025,57.014825,9.985865,20,0.60,42.00,13:17:29
Tue Nov 11 14:17:29 2025,57.014825,9.985865,20,0.60,42.00,13:17:30
Tue Nov 11 14:17:30 2025,57.014825,9.985865,20,0.60,42.00,13:17:31
Tue Nov 11 14:17:31 2025,57.014825,9.985866,20,0.60,42.00,13:17:32
Tue Nov 11 14:17:32 2025,57.014825,9.985866,20,0.60,42.00,13:17:33
Tue Nov 11 14:17:33 2025,57.014825,9.985866,20,0.60,42.00,13:17:34
Tue Nov 11 14:17:34 2025,57.014825,9.985866,20,0.60,42.00,13:17:35
Tue Nov 11 14:17:35 2025,57.014825,9.985866,20,0.60,42.00,13:17:36
Tue Nov 11 14:17:36 2025,57.014825,9.985867,20,0.60,42.00,13:17:37
Tue Nov 11 14:17:37 2025,57.014825,9.985867,19,0.70,42.00,13:17:38
Tue Nov 11 14:17:38 2025,57.014825,9.985867,19,0.70,42.00,13:17:39
Tue Nov 11 14:17:39 2025,57.014825,9.985867,19,0.70,42.00,13:17:40
Tue Nov 11 14:17:40 2025,57.014825,9.985867,19,0.70,42.00,13:17:41
Tue Nov 11 14:17:41 2025,57.014825,9.985867,19,0.70,42.00,13:17:42
Tue Nov 11 14:17:42 2025,57.014825,9.985867,19,0.70,42.00,13:17:43
Tue Nov 11 14:17:43 2025,57.014825,9.985867,19,0.70,41.90,13:17:44
Tue Nov 11 14:17:44 2025,57.014825,9.985867,19,0.70,41.90,13:17:45
Tue Nov 11 14:17:45 2025,57.014825,9.985866,19,0.70,41.90,13:17:46
Tue Nov 11 14:17:46 2025,57.014825,9.985866,19,0.70,41.90,13:17:47
Tue Nov 11 14:17:47 2025,57.014825,9.985866,19,0.70,41.90,13:17:48
Tue Nov 11 14:17:48 2025,57.014825,9.985866,19,0.70,41.90,13:17:49
Tue Nov 11 14:17:49 2025,57.014825,9.985865,20,0.60,41.90,13:17:50
Tue Nov 11 14:17:50 2025,57.014825,9.985865,20,0.60,41.90,13:17:51
Tue Nov 11 14:17:51 2025,57.014825,9.985865,20,0.60,41.90,13:17:52
Tue Nov 11 14:17:52 2025,57.014825,9.985864,20,0.60,41.90,13:17:53
Tue Nov 11 14:17:53 2025,57.014825,9.985864,20,0.60,41.90,13:17:54
Tue Nov 11 14:17:54 2025,57.014825,9.985864,20,0.60,41.90,13:17:55
Tue Nov 11 14:17:55 2025,57.014825,9.985864,20,0.60,41.90,13:17:56
Tue Nov 11 14:17:56 2025,57.014825,9.985864,20,0.60,41.90,13:17:57
Tue Nov 11 14:17:57 2025,57.014825,9.985863,20,0.60,41.90,13:17:58
Tue Nov 11 14:17:58 2025,57.014825,9.985863,20,0.60,41.90,13:17:59
Tue Nov 11 14:17:59 2025,57.014825,9.985863,20,0.60,41.90,13:18:00
Tue Nov 11 14:18:00 2025,57.014825,9.985862,20,0.60,41.80,13:18:01
Tue Nov 11 14:18:01 2025,57.014825,9.985862,20,0.60,41.80,13:18:02
Tue Nov 11 14:18:02 2025,57.014825,9.985862,20,0.60,41.80,13:18:03
Tue Nov 11 14:18:03 2025,57.014825,9.985862,20,0.60,41.80,13:18:04
Tue Nov 11 14:18:04 2025,57.014825,9.985862,20,0.60,41.80,13:18:05
Tue Nov 11 14:18:05 2025,57.014825,9.985862,20,0.60,41.80,13:18:06
Tue Nov 11 14:18:06 2025,57.014825,9.985861,20,0.60,41.80,13:18:07
Tue Nov 11 14:18:07 2025,57.014825,9.985861,20,0.60,41.80,13:18:08
Tue Nov 11 14:18:08 2025,57.014825,9.985861,20,0.60,41.80,13:18:09
Tue Nov 11 14:18:09 2025,57.014825,9.985861,20,0.60,41.80,13:18:10
Tue Nov 11 14:18:10 2025,57.014825,9.985860,20,0.60,41.80,13:18:11
Tue Nov 11 14:18:11 2025,57.014825,9.985860,20,0.60,41.80,13:18:12
Tue Nov 11 14:18:12 2025,57.014825,9.985860,20,0.60,41.80,13:18:13
Tue Nov 11 14:18:13 2025,57.014825,9.985860,20,0.60,41.80,13:18:14
Tue Nov 11 14:18:14 2025,57.014825,9.985860,20,0.60,41.70,13:18:15
Tue Nov 11 14:18:15 2025,57.014825,9.985860,20,0.60,41.70,13:18:16
Tue Nov 11 14:18:16 2025,57.014825,9.985860,20,0.60,41.70,13:18:17
Tue Nov 11 14:18:17 2025,57.014825,9.985860,20,0.60,41.70,13:18:18
Tue Nov 11 14:18:18 2025,57.014825,9.985860,20,0.60,41.70,13:18:19
Tue Nov 11 14:18:19 2025,57.014825,9.985859,20,0.60,41.70,13:18:20
Tue Nov 11 14:18:20 2025,57.014825,9.985859,20,0.60,41.70,13:18:21
Tue Nov 11 14:18:21 2025,57.014825,9.985859,20,0.60,41.70,13:18:22
Tue Nov 11 14:18:22 2025,57.014825,9.985859,20,0.60,41.70,13:18:23
Tue Nov 11 14:18:23 2025,57.014825,9.985859,20,0.60,41.70,13:18:24
Tue Nov 11 14:18:24 2025,57.014825,9.985859,20,0.60,41.70,13:18:25
Tue Nov 11 14:18:25 2025,57.014825,9.985859,20,0.60,41.70,13:18:26
Tue Nov 11 14:18:26 2025,57.014825,9.985859,20,0.60,41.70,13:18:27
Tue Nov 11 14:18:27 2025,57.014825,9.985859,20,0.60,41.60,13:18:28
Tue Nov 11 14:18:28 2025,57.014825,9.985859,20,0.60,41.60,13:18:29
Tue Nov 11 14:18:29 2025,57.014825,9.985859,20,0.60,41.60,13:18:30
Tue Nov 11 14:18:30 2025,57.014825,9.985859,20,0.60,41.60,13:18:31
Tue Nov 11 14:18:31 2025,57.014825,9.985859,20,0.60,41.60,13:18:32
Tue Nov 11 14:18:32 2025,57.014825,9.985859,20,0.60,41.60,13:18:33
Tue Nov 11 14:18:33 2025,57.014825,9.985859,20,0.60,41.60,13:18:34
Tue Nov 11 14:18:34 2025,57.014825,9.985859,20,0.60,41.60,13:18:35
Tue Nov 11 14:18:35 2025,57.014825,9.985859,20,0.60,41.60,13:18:36
Tue Nov 11 14:18:36 2025,57.014825,9.985859,20,0.60,41.60,13:18:37
Tue Nov 11 14:18:37 2025,57.014825,9.985859,20,0.60,41.60,13:18:38
Tue Nov 11 14:18:38 2025,57.014825,9.985859,20,0.60,41.60,13:18:39
Tue Nov 11 14:18:39 2025,57.014825,9.985859,20,0.60,41.60,13:18:40
Tue Nov 11 14:18:40 2025,57.014825,9.985859,20,0.60,41.50,13:18:41
Tue Nov 11 14:18:41 2025,57.014825,9.985859,20,0.60,41.50,13:18:42
Tue Nov 11 14:18:42 2025,57.014825,9.985859,20,0.60,41.50,13:18:43
Tue Nov 11 14:18:43 2025,57.014825,9.985859,20,0.60,41.50,13:18:44
Tue Nov 11 14:18:44 2025,57.014825,9.985859,20,0.60,41.50,13:18:45
Tue Nov 11 14:18:45 2025,57.014825,9.985859,20,0.60,41.50,13:18:46
Tue Nov 11 14:18:46 2025,57.014825,9.985859,20,0.60,41.50,13:18:47
Tue Nov 11 14:18:47 2025,57.014825,9.985859,20,0.60,41.50,13:18:48
Tue Nov 11 14:18:48 2025,57.014825,9.985859,20,0.60,41.50,13:18:49
Tue Nov 11 14:18:49 2025,57.014824,9.985859,20,0.60,41.50,13:18:50
Tue Nov 11 14:18:50 2025,57.014824,9.985859,20,0.60,41.50,13:18:51
Tue Nov 11 14:18:51 2025,57.014824,9.985859,20,0.60,41.50,13:18:52
Tue Nov 11 14:18:52 2025,57.014824,9.985859,20,0.60,41.50,13:18:53
Tue Nov 11 14:18:53 2025,57.014824,9.985859,20,0.60,41.50,13:18:54
Tue Nov 11 14:18:54 2025,57.014825,9.985859,20,0.60,41.40,13:18:55
Tue Nov 11 14:18:55 2025,57.014824,9.985859,20,0.60,41.40,13:18:56
Tue Nov 11 14:18:56 2025,57.014825,9.985858,20,0.60,41.40,13:18:57
Tue Nov 11 14:18:57 2025,57.014824,9.985858,20,0.60,41.40,13:18:58
Tue Nov 11 14:18:58 2025,57.014824,9.985858,20,0.60,41.40,13:18:59
Tue Nov 11 14:18:59 2025,57.014824,9.985858,19,0.70,41.40,13:19:00
Tue Nov 11 14:19:00 2025,57.014824,9.985858,19,0.70,41.40,13:19:01
Tue Nov 11 14:19:01 2025,57.014824,9.985858,19,0.70,41.40,13:19:02
Tue Nov 11 14:19:02 2025,57.014824,9.985858,19,0.70,41.40,13:19:03
Tue Nov 11 14:19:03 2025,57.014824,9.985858,19,0.70,41.40,13:19:04
Tue Nov 11 14:19:04 2025,57.014824,9.985858,19,0.70,41.40,13:19:05
Tue Nov 11 14:19:05 2025,57.014824,9.985858,19,0.70,41.40,13:19:06
Tue Nov 11 14:19:06 2025,57.014824,9.985857,19,0.70,41.40,13:19:07
Tue Nov 11 14:19:07 2025,57.014824,9.985857,19,0.70,41.30,13:19:08
Tue Nov 11 14:19:08 2025,57.014824,9.985857,19,0.70,41.30,13:19:09
Tue Nov 11 14:19:09 2025,57.014823,9.985857,19,0.70,41.30,13:19:10
Tue Nov 11 14:19:10 2025,57.014823,9.985857,19,0.70,41.30,13:19:11
Tue Nov 11 14:19:11 2025,57.014823,9.985857,19,0.70,41.30,13:19:12
Tue Nov 11 14:19:12 2025,57.014823,9.985857,19,0.70,41.30,13:19:13
Tue Nov 11 14:19:13 2025,57.014823,9.985857,19,0.70,41.30,13:19:14
Tue Nov 11 14:19:14 2025,57.014823,9.985856,19,0.70,41.30,13:19:15
Tue Nov 11 14:19:15 2025,57.014823,9.985856,19,0.70,41.30,13:19:16
Tue Nov 11 14:19:16 2025,57.014823,9.985856,19,0.70,41.30,13:19:17
Tue Nov 11 14:19:17 2025,57.014823,9.985856,19,0.70,41.30,13:19:18
Tue Nov 11 14:19:18 2025,57.014823,9.985856,18,0.70,41.30,13:19:19
Tue Nov 11 14:19:19 2025,57.014823,9.985855,18,0.70,41.30,13:19:20
Tue Nov 11 14:19:20 2025,57.014823,9.985855,19,0.70,41.30,13:19:21
Tue Nov 11 14:19:21 2025,57.014823,9.985855,19,0.70,41.30,13:19:22
Tue Nov 11 14:19:22 2025,57.014823,9.985855,19,0.70,41.30,13:19:23
Tue Nov 11 14:19:23 2025,57.014823,9.985855,19,0.70,41.30,13:19:24
Tue Nov 11 14:19:24 2025,57.014823,9.985855,19,0.70,41.20,13:19:25
Tue Nov 11 14:19:25 2025,57.014823,9.985855,19,0.70,41.20,13:19:26
Tue Nov 11 14:19:26 2025,57.014822,9.985854,20,0.60,41.20,13:19:27
Tue Nov 11 14:19:27 2025,57.014822,9.985854,20,0.60,41.20,13:19:28
Tue Nov 11 14:19:28 2025,57.014822,9.985854,20,0.60,41.20,13:19:29
Tue Nov 11 14:19:29 2025,57.014822,9.985854,20,0.60,41.20,13:19:30
Tue Nov 11 14:19:30 2025,57.014822,9.985853,20,0.60,41.20,13:19:31
Tue Nov 11 14:19:31 2025,57.014822,9.985853,19,0.70,41.20,13:19:32
Tue Nov 11 14:19:32 2025,57.014822,9.985853,18,0.70,41.20,13:19:33
Tue Nov 11 14:19:33 2025,57.014822,9.985853,18,0.70,41.20,13:19:34
Tue Nov 11 14:19:34 2025,57.014822,9.985853,18,0.70,41.20,13:19:35
Tue Nov 11 14:19:35 2025,57.014822,9.985853,18,0.70,41.20,13:19:36
Tue Nov 11 14:19:36 2025,57.014822,9.985852,18,0.70,41.20,13:19:37
Tue Nov 11 14:19:37 2025,57.014821,9.985852,18,0.70,41.20,13:19:38
Tue Nov 11 14:19:38 2025,57.014821,9.985852,18,0.70,41.20,13:19:39
Tue Nov 11 14:19:39 2025,57.014821,9.985852,18,0.70,41.20,13:19:40
Tue Nov 11 14:19:41 2025,57.014821,9.985852,19,0.70,41.20,13:19:41
Tue Nov 11 14:19:41 2025,57.014821,9.985851,19,0.70,41.20,13:19:42
Tue Nov 11 14:19:42 2025,57.014821,9.985851,19,0.70,41.20,13:19:43
Tue Nov 11 14:19:43 2025,57.014821,9.985851,19,0.70,41.20,13:19:44
Tue Nov 11 14:19:45 2025,57.014821,9.985851,20,0.60,41.20,13:19:45
Tue Nov 11 14:19:45 2025,57.014821,9.985850,20,0.60,41.20,13:19:46
Tue Nov 11 14:19:46 2025,57.014821,9.985850,20,0.60,41.20,13:19:47
Tue Nov 11 14:19:47 2025,57.014821,9.985850,20,0.60,41.10,13:19:48
Tue Nov 11 14:19:48 2025,57.014821,9.985850,20,0.60,41.10,13:19:49
Tue Nov 11 14:19:49 2025,57.014821,9.985850,20,0.60,41.10,13:19:50
Tue Nov 11 14:19:50 2025,57.014821,9.985850,20,0.60,41.10,13:19:51
Tue Nov 11 14:19:51 2025,57.014821,9.985850,21,0.60,41.10,13:19:52
Tue Nov 11 14:19:52 2025,57.014820,9.985849,21,0.60,41.10,13:19:53
Tue Nov 11 14:19:53 2025,57.014820,9.985849,21,0.60,41.10,13:19:54
Tue Nov 11 14:19:55 2025,57.014820,9.985849,21,0.60,41.10,13:19:55
Tue Nov 11 14:19:55 2025,57.014820,9.985849,20,0.60,41.10,13:19:56
Tue Nov 11 14:19:57 2025,57.014820,9.985849,20,0.60,41.10,13:19:57
Tue Nov 11 14:19:58 2025,57.014820,9.985848,20,0.60,41.10,13:19:58
Tue Nov 11 14:19:59 2025,57.014820,9.985848,20,0.60,41.10,13:19:59
Tue Nov 11 14:20:00 2025,57.014820,9.985848,20,0.60,41.10,13:20:00
Tue Nov 11 14:20:01 2025,57.014820,9.985848,20,0.60,41.10,13:20:01
Tue Nov 11 14:20:02 2025,57.014820,9.985848,20,0.60,41.10,13:20:02
Tue Nov 11 14:20:03 2025,57.014820,9.985848,20,0.60,41.10,13:20:03
Tue Nov 11 14:20:04 2025,57.014820,9.985848,20,0.60,41.10,13:20:04
Tue Nov 11 14:20:05 2025,57.014820,9.985848,20,0.60,41.10,13:20:05
Tue Nov 11 14:20:06 2025,57.014820,9.985848,20,0.60,41.10,13:20:06
Tue Nov 11 14:20:07 2025,57.014820,9.985848,20,0.60,41.10,13:20:07
Tue Nov 11 14:20:08 2025,57.014820,9.985848,21,0.60,41.10,13:20:08
Tue Nov 11 14:20:09 2025,57.014820,9.985848,21,0.60,41.10,13:20:09
Tue Nov 11 14:20:10 2025,57.014820,9.985848,21,0.60,41.10,13:20:10
Tue Nov 11 14:20:11 2025,57.014820,9.985847,21,0.60,41.10,13:20:11
Tue Nov 11 14:20:12 2025,57.014820,9.985847,21,0.60,41.10,13:20:12
Tue Nov 11 14:20:13 2025,57.014819,9.985847,21,0.60,41.10,13:20:13
Tue Nov 11 14:20:14 2025,57.014819,9.985847,20,0.60,41.10,13:20:14
Tue Nov 11 14:20:15 2025,57.014819,9.985847,20,0.60,41.10,13:20:15
Tue Nov 11 14:20:16 2025,57.014819,9.985847,20,0.60,41.10,13:20:16
Tue Nov 11 14:20:17 2025,57.014819,9.985847,20,0.60,41.10,13:20:17
Tue Nov 11 14:20:18 2025,57.014819,9.985847,20,0.60,41.10,13:20:18
Tue Nov 11 14:20:19 2025,57.014819,9.985846,20,0.60,41.10,13:20:19
Tue Nov 11 14:20:20 2025,57.014819,9.985846,21,0.60,41.10,13:20:20
Tue Nov 11 14:20:21 2025,57.014819,9.985846,21,0.60,41.10,13:20:21
Tue Nov 11 14:20:22 2025,57.014819,9.985846,21,0.60,41.10,13:20:22
Tue Nov 11 14:20:23 2025,57.014819,9.985846,21,0.60,41.10,13:20:23
Tue Nov 11 14:20:24 2025,57.014819,9.985846,21,0.60,41.10,13:20:24
Tue Nov 11 14:20:25 2025,57.014819,9.985846,21,0.60,41.10,13:20:25
Tue Nov 11 14:20:26 2025,57.014819,9.985846,21,0.60,41.10,13:20:26
Tue Nov 11 14:20:27 2025,57.014819,9.985846,21,0.60,41.10,13:20:27
Tue Nov 11 14:20:28 2025,57.014819,9.985846,21,0.60,41.10,13:20:28
Tue Nov 11 14:20:29 2025,57.014819,9.985846,21,0.60,41.10,13:20:29
Tue Nov 11 14:20:30 2025,57.014819,9.985846,21,0.60,41.10,13:20:30
Tue Nov 11 14:20:31 2025,57.014819,9.985846,21,0.60,41.00,13:20:31
Tue Nov 11 14:20:32 2025,57.014819,9.985847,21,0.60,41.00,13:20:32
Tue Nov 11 14:20:33 2025,57.014819,9.985847,21,0.60,41.00,13:20:33
Tue Nov 11 14:20:34 2025,57.014819,9.985847,21,0.60,41.00,13:20:34
Tue Nov 11 14:20:35 2025,57.014819,9.985847,21,0.60,41.00,13:20:35
Tue Nov 11 14:20:36 2025,57.014818,9.985847,21,0.60,41.00,13:20:36
Tue Nov 11 14:20:37 2025,57.014818,9.985847,21,0.60,41.00,13:20:37
Tue Nov 11 14:20:38 2025,57.014818,9.985847,21,0.60,41.00,13:20:38
Tue Nov 11 14:20:39 2025,57.014818,9.985847,22,0.60,41.00,13:20:39
Tue Nov 11 14:20:40 2025,57.014818,9.985847,22,0.60,41.00,13:20:40
Tue Nov 11 14:20:41 2025,57.014818,9.985847,22,0.60,41.00,13:20:41
Tue Nov 11 14:20:42 2025,57.014818,9.985847,22,0.60,41.00,13:20:42
Tue Nov 11 14:20:43 2025,57.014818,9.985847,22,0.60,41.00,13:20:43
Tue Nov 11 14:20:44 2025,57.014818,9.985847,22,0.60,41.00,13:20:44
Tue Nov 11 14:20:45 2025,57.014818,9.985847,23,0.50,41.00,13:20:45
Tue Nov 11 14:20:46 2025,57.014818,9.985847,23,0.50,41.00,13:20:46
Tue Nov 11 14:20:47 2025,57.014818,9.985847,23,0.50,41.00,13:20:47
Tue Nov 11 14:20:48 2025,57.014818,9.985846,23,0.50,41.00,13:20:48
Tue Nov 11 14:20:49 2025,57.014818,9.985846,23,0.50,41.00,13:20:49
Tue Nov 11 14:20:50 2025,57.014818,9.985846,23,0.50,41.00,13:20:50
Tue Nov 11 14:20:51 2025,57.014818,9.985846,23,0.50,41.00,13:20:51
Tue Nov 11 14:20:52 2025,57.014818,9.985846,23,0.50,41.00,13:20:52
Tue Nov 11 14:20:53 2025,57.014818,9.985846,23,0.50,41.00,13:20:53
Tue Nov 11 14:20:54 2025,57.014818,9.985846,22,0.60,41.00,13:20:54
Tue Nov 11 14:20:55 2025,57.014818,9.985846,22,0.60,41.00,13:20:55
Tue Nov 11 14:20:56 2025,57.014818,9.985846,22,0.60,41.00,13:20:56
Tue Nov 11 14:20:57 2025,57.014818,9.985846,22,0.60,41.00,13:20:57
Tue Nov 11 14:20:58 2025,57.014818,9.985846,23,0.50,41.00,13:20:58
Tue Nov 11 14:20:59 2025,57.014818,9.985846,23,0.50,41.00,13:20:59
Tue Nov 11 14:21:00 2025,57.014819,9.985846,22,0.60,41.00,13:21:00
Tue Nov 11 14:21:01 2025,57.014819,9.985846,22,0.60,41.00,13:21:01
Tue Nov 11 14:21:02 2025,57.014818,9.985846,22,0.60,40.90,13:21:02
Tue Nov 11 14:21:03 2025,57.014818,9.985846,22,0.60,40.90,13:21:03
Tue Nov 11 14:21:04 2025,57.014818,9.985846,22,0.60,40.90,13:21:04
Tue Nov 11 14:21:05 2025,57.014818,9.985846,22,0.60,40.90,13:21:05
Tue Nov 11 14:21:06 2025,57.014818,9.985846,22,0.60,40.90,13:21:06
Tue Nov 11 14:21:07 2025,57.014818,9.985846,22,0.60,40.90,13:21:07
Tue Nov 11 14:21:08 2025,57.014818,9.985846,23,0.50,40.90,13:21:08
Tue Nov 11 14:21:09 2025,57.014818,9.985846,23,0.50,40.90,13:21:09
Tue Nov 11 14:21:10 2025,57.014818,9.985846,23,0.50,40.90,13:21:10
Tue Nov 11 14:21:11 2025,57.014818,9.985846,23,0.50,40.90,13:21:11
Tue Nov 11 14:21:12 2025,57.014818,9.985846,23,0.50,40.90,13:21:12
Tue Nov 11 14:21:13 2025,57.014818,9.985846,23,0.50,40.90,13:21:13
Tue Nov 11 14:21:14 2025,57.014818,9.985846,23,0.50,40.90,13:21:14
Tue Nov 11 14:21:15 2025,57.014818,9.985846,23,0.50,40.90,13:21:15
Tue Nov 11 14:21:16 2025,57.014818,9.985846,23,0.50,40.90,13:21:16
Tue Nov 11 14:21:17 2025,57.014818,9.985846,23,0.50,40.90,13:21:17
Tue Nov 11 14:21:18 2025,57.014818,9.985846,23,0.50,40.90,13:21:18
Tue Nov 11 14:21:19 2025,57.014818,9.985846,23,0.50,40.90,13:21:19
Tue Nov 11 14:21:20 2025,57.014818,9.985846,23,0.50,40.90,13:21:20
Tue Nov 11 14:21:21 2025,57.014818,9.985846,23,0.50,40.90,13:21:21
Tue Nov 11 14:21:22 2025,57.014818,9.985845,23,0.50,40.80,13:21:22
Tue Nov 11 14:21:23 2025,57.014818,9.985845,23,0.50,40.80,13:21:23
Tue Nov 11 14:21:24 2025,57.014818,9.985845,23,0.50,40.80,13:21:24
Tue Nov 11 14:21:25 2025,57.014818,9.985845,23,0.50,40.80,13:21:25
Tue Nov 11 14:21:26 2025,57.014818,9.985845,22,0.60,40.80,13:21:26
Tue Nov 11 14:21:27 2025,57.014818,9.985845,22,0.60,40.80,13:21:27
Tue Nov 11 14:21:28 2025,57.014817,9.985844,22,0.60,40.80,13:21:28
Tue Nov 11 14:21:29 2025,57.014817,9.985844,22,0.60,40.80,13:21:29
Tue Nov 11 14:21:30 2025,57.014817,9.985844,23,0.50,40.80,13:21:30
Tue Nov 11 14:21:31 2025,57.014817,9.985843,23,0.50,40.70,13:21:31
Tue Nov 11 14:21:32 2025,57.014817,9.985843,23,0.50,40.70,13:21:32
Tue Nov 11 14:21:33 2025,57.014817,9.985843,23,0.50,40.70,13:21:33
Tue Nov 11 14:21:34 2025,57.014817,9.985843,23,0.50,40.70,13:21:34
Tue Nov 11 14:21:35 2025,57.014817,9.985843,23,0.50,40.70,13:21:35
Tue Nov 11 14:21:36 2025,57.014817,9.985843,23,0.50,40.70,13:21:36
Tue Nov 11 14:21:37 2025,57.014817,9.985842,23,0.50,40.70,13:21:37
Tue Nov 11 14:21:38 2025,57.014817,9.985842,23,0.50,40.70,13:21:38
Tue Nov 11 14:21:39 2025,57.014817,9.985842,23,0.50,40.70,13:21:39
Tue Nov 11 14:21:40 2025,57.014817,9.985841,23,0.50,40.70,13:21:40
Tue Nov 11 14:21:41 2025,57.014817,9.985841,23,0.50,40.70,13:21:41
Tue Nov 11 14:21:42 2025,57.014817,9.985841,23,0.50,40.70,13:21:42
Tue Nov 11 14:21:43 2025,57.014817,9.985841,23,0.50,40.60,13:21:43
Tue Nov 11 14:21:44 2025,57.014817,9.985841,23,0.50,40.60,13:21:44
Tue Nov 11 14:21:45 2025,57.014817,9.985841,23,0.50,40.60,13:21:45
Tue Nov 11 14:21:46 2025,57.014817,9.985840,23,0.50,40.60,13:21:46
Tue Nov 11 14:21:47 2025,57.014817,9.985840,23,0.50,40.60,13:21:47
Tue Nov 11 14:21:48 2025,57.014817,9.985840,23,0.50,40.60,13:21:48
Tue Nov 11 14:21:49 2025,57.014817,9.985840,23,0.50,40.60,13:21:49
Tue Nov 11 14:21:50 2025,57.014817,9.985840,23,0.50,40.60,13:21:50
Tue Nov 11 14:21:51 2025,57.014817,9.985839,23,0.50,40.60,13:21:51
Tue Nov 11 14:21:52 2025,57.014818,9.985839,23,0.50,40.60,13:21:52
Tue Nov 11 14:21:53 2025,57.014817,9.985839,23,0.50,40.60,13:21:53
Tue Nov 11 14:21:54 2025,57.014817,9.985839,23,0.50,40.60,13:21:54
Tue Nov 11 14:21:55 2025,57.014817,9.985839,23,0.50,40.60,13:21:55
Tue Nov 11 14:21:56 2025,57.014817,9.985838,23,0.50,40.60,13:21:56
Tue Nov 11 14:21:57 2025,57.014817,9.985838,23,0.50,40.60,13:21:57
Tue Nov 11 14:21:58 2025,57.014817,9.985838,23,0.50,40.60,13:21:58
Tue Nov 11 14:21:59 2025,57.014817,9.985838,23,0.50,40.60,13:21:59
Tue Nov 11 14:22:00 2025,57.014817,9.985838,22,0.60,40.60,13:22:00
Tue Nov 11 14:22:01 2025,57.014817,9.985838,22,0.60,40.60,13:22:01
Tue Nov 11 14:22:02 2025,57.014817,9.985838,22,0.60,40.60,13:22:02
Tue Nov 11 14:22:03 2025,57.014817,9.985838,22,0.60,40.50,13:22:03
Tue Nov 11 14:22:04 2025,57.014817,9.985838,22,0.60,40.50,13:22:04
Tue Nov 11 14:22:05 2025,57.014817,9.985837,23,0.50,40.50,13:22:05
Tue Nov 11 14:22:06 2025,57.014817,9.985837,23,0.50,40.50,13:22:06
Tue Nov 11 14:22:07 2025,57.014817,9.985837,23,0.50,40.50,13:22:07
Tue Nov 11 14:22:08 2025,57.014817,9.985837,23,0.50,40.50,13:22:08
Tue Nov 11 14:22:09 2025,57.014817,9.985837,23,0.50,40.50,13:22:09
Tue Nov 11 14:22:10 2025,57.014817,9.985836,23,0.50,40.50,13:22:10
Tue Nov 11 14:22:11 2025,57.014817,9.985836,23,0.50,40.50,13:22:11
Tue Nov 11 14:22:12 2025,57.014817,9.985836,23,0.50,40.50,13:22:12
Tue Nov 11 14:22:13 2025,57.014817,9.985836,23,0.50,40.50,13:22:13
Tue Nov 11 14:22:14 2025,57.014817,9.985836,23,0.50,40.50,13:22:14
Tue Nov 11 14:22:15 2025,57.014817,9.985836,23,0.50,40.50,13:22:15
Tue Nov 11 14:22:16 2025,57.014817,9.985836,23,0.50,40.50,13:22:16
Tue Nov 11 14:22:17 2025,57.014817,9.985836,23,0.50,40.50,13:22:17
Tue Nov 11 14:22:18 2025,57.014817,9.985836,23,0.50,40.40,13:22:18
Tue Nov 11 14:22:19 2025,57.014817,9.985835,23,0.50,40.40,13:22:19
Tue Nov 11 14:22:20 2025,57.014817,9.985835,23,0.50,40.40,13:22:20
Tue Nov 11 14:22:21 2025,57.014817,9.985835,23,0.50,40.40,13:22:21
Tue Nov 11 14:22:22 2025,57.014817,9.985835,23,0.50,40.40,13:22:22
Tue Nov 11 14:22:23 2025,57.014817,9.985835,23,0.50,40.40,13:22:23
Tue Nov 11 14:22:24 2025,57.014817,9.985835,23,0.50,40.40,13:22:24
Tue Nov 11 14:22:25 2025,57.014817,9.985835,23,0.50,40.40,13:22:25
Tue Nov 11 14:22:26 2025,57.014817,9.985835,23,0.50,40.40,13:22:26
Tue Nov 11 14:22:27 2025,57.014817,9.985835,23,0.50,40.40,13:22:27
Tue Nov 11 14:22:28 2025,57.014817,9.985835,23,0.50,40.40,13:22:28
Tue Nov 11 14:22:29 2025,57.014817,9.985835,23,0.50,40.40,13:22:29
Tue Nov 11 14:22:30 2025,57.014817,9.985835,22,0.60,40.40,13:22:30
Tue Nov 11 14:22:31 2025,57.014817,9.985834,22,0.60,40.30,13:22:31
Tue Nov 11 14:22:32 2025,57.014817,9.985834,22,0.60,40.30,13:22:32
Tue Nov 11 14:22:33 2025,57.014817,9.985834,22,0.60,40.30,13:22:33
Tue Nov 11 14:22:34 2025,57.014817,9.985834,22,0.60,40.30,13:22:34
Tue Nov 11 14:22:35 2025,57.014817,9.985834,22,0.60,40.30,13:22:35
Tue Nov 11 14:22:36 2025,57.014816,9.985834,22,0.60,40.30,13:22:36
Tue Nov 11 14:22:37 2025,57.014818,9.985835,22,0.60,40.00,13:22:37
Tue Nov 11 14:22:38 2025,57.014819,9.985838,22,0.60,39.90,13:22:38
Tue Nov 11 14:22:39 2025,57.014819,9.985838,22,0.60,40.00,13:22:39
Tue Nov 11 14:22:40 2025,57.014819,9.985838,22,0.60,40.00,13:22:40
Tue Nov 11 14:22:41 2025,57.014819,9.985837,23,0.50,40.00,13:22:41
Tue Nov 11 14:22:42 2025,57.014819,9.985837,23,0.50,40.00,13:22:42
Tue Nov 11 14:22:43 2025,57.014819,9.985837,23,0.50,40.00,13:22:43
Tue Nov 11 14:22:44 2025,57.014819,9.985837,23,0.50,40.00,13:22:44
Tue Nov 11 14:22:45 2025,57.014819,9.985837,23,0.50,39.90,13:22:45
Tue Nov 11 14:22:46 2025,57.014819,9.985838,23,0.50,39.90,13:22:46
Tue Nov 11 14:22:47 2025,57.014819,9.985838,23,0.50,39.90,13:22:47
Tue Nov 11 14:22:48 2025,57.014819,9.985838,23,0.50,39.90,13:22:48
Tue Nov 11 14:22:49 2025,57.014819,9.985838,23,0.50,39.90,13:22:49
Tue Nov 11 14:22:50 2025,57.014818,9.985838,23,0.50,39.90,13:22:50
Tue Nov 11 14:22:51 2025,57.014818,9.985838,23,0.50,39.90,13:22:51
Tue Nov 11 14:22:52 2025,57.014818,9.985838,23,0.50,39.90,13:22:52
Tue Nov 11 14:22:53 2025,57.014818,9.985838,23,0.50,39.90,13:22:53
Tue Nov 11 14:22:54 2025,57.014818,9.985838,23,0.50,39.90,13:22:54
Tue Nov 11 14:22:55 2025,57.014818,9.985837,23,0.50,39.90,13:22:55
Tue Nov 11 14:22:56 2025,57.014818,9.985837,23,0.50,39.90,13:22:56
Tue Nov 11 14:22:57 2025,57.014818,9.985837,23,0.50,39.90,13:22:57
Tue Nov 11 14:22:58 2025,57.014818,9.985837,23,0.50,39.90,13:22:58
Tue Nov 11 14:22:59 2025,57.014818,9.985836,23,0.50,39.90,13:22:59
Tue Nov 11 14:23:00 2025,57.014818,9.985836,23,0.50,39.90,13:23:00
Tue Nov 11 14:23:01 2025,57.014818,9.985836,23,0.50,39.90,13:23:01
Tue Nov 11 14:23:02 2025,57.014818,9.985836,23,0.50,39.90,13:23:02
Tue Nov 11 14:23:03 2025,57.014818,9.985836,23,0.50,39.90,13:23:03
Tue Nov 11 14:23:04 2025,57.014818,9.985835,23,0.50,39.90,13:23:04
Tue Nov 11 14:23:05 2025,57.014818,9.985835,23,0.50,39.90,13:23:05
Tue Nov 11 14:23:06 2025,57.014818,9.985835,23,0.50,39.90,13:23:06
Tue Nov 11 14:23:07 2025,57.014818,9.985834,23,0.50,39.90,13:23:07
Tue Nov 11 14:23:08 2025,57.014818,9.985834,23,0.50,39.90,13:23:08
Tue Nov 11 14:23:09 2025,57.014818,9.985834,23,0.50,39.90,13:23:09
Tue Nov 11 14:23:10 2025,57.014818,9.985834,23,0.50,39.90,13:23:10
Tue Nov 11 14:23:11 2025,57.014818,9.985834,23,0.50,39.90,13:23:11
Tue Nov 11 14:23:12 2025,57.014818,9.985834,23,0.50,39.90,13:23:12
Tue Nov 11 14:23:13 2025,57.014818,9.985833,23,0.50,39.90,13:23:13
Tue Nov 11 14:23:14 2025,57.014818,9.985833,23,0.50,39.90,13:23:14
Tue Nov 11 14:23:15 2025,57.014818,9.985833,23,0.50,39.90,13:23:15
Tue Nov 11 14:23:16 2025,57.014818,9.985833,23,0.50,39.90,13:23:16
Tue Nov 11 14:23:17 2025,57.014818,9.985832,23,0.50,39.90,13:23:17
Tue Nov 11 14:23:18 2025,57.014818,9.985832,23,0.50,39.90,13:23:18
Tue Nov 11 14:23:19 2025,57.014818,9.985831,23,0.50,39.90,13:23:19
Tue Nov 11 14:23:20 2025,57.014818,9.985831,23,0.50,39.90,13:23:20
Tue Nov 11 14:23:21 2025,57.014818,9.985831,23,0.50,39.90,13:23:21
Tue Nov 11 14:23:22 2025,57.014818,9.985830,23,0.50,39.90,13:23:22
Tue Nov 11 14:23:23 2025,57.014818,9.985830,23,0.50,39.90,13:23:23
Tue Nov 11 14:23:24 2025,57.014818,9.985830,23,0.50,39.90,13:23:24
Tue Nov 11 14:23:25 2025,57.014819,9.985829,23,0.50,39.90,13:23:25
Tue Nov 11 14:23:26 2025,57.014819,9.985829,23,0.50,39.80,13:23:26
Tue Nov 11 14:23:27 2025,57.014819,9.985829,23,0.50,39.80,13:23:27
Tue Nov 11 14:23:28 2025,57.014819,9.985829,23,0.50,39.80,13:23:28
Tue Nov 11 14:23:29 2025,57.014819,9.985829,23,0.50,39.80,13:23:29
Tue Nov 11 14:23:30 2025,57.014819,9.985828,23,0.50,39.80,13:23:30
Tue Nov 11 14:23:31 2025,57.014819,9.985828,23,0.50,39.80,13:23:31
Tue Nov 11 14:23:32 2025,57.014819,9.985828,23,0.50,39.80,13:23:32
Tue Nov 11 14:23:33 2025,57.014819,9.985828,23,0.50,39.80,13:23:33
Tue Nov 11 14:23:34 2025,57.014819,9.985828,23,0.50,39.80,13:23:34
Tue Nov 11 14:23:35 2025,57.014819,9.985828,23,0.50,39.80,13:23:35
Tue Nov 11 14:23:36 2025,57.014819,9.985828,23,0.50,39.80,13:23:36
Tue Nov 11 14:23:37 2025,57.014819,9.985828,23,0.50,39.80,13:23:37
Tue Nov 11 14:23:38 2025,57.014819,9.985828,23,0.50,39.80,13:23:38
Tue Nov 11 14:23:39 2025,57.014819,9.985828,23,0.50,39.80,13:23:39
Tue Nov 11 14:23:40 2025,57.014819,9.985828,23,0.50,39.80,13:23:40
Tue Nov 11 14:23:41 2025,57.014819,9.985828,23,0.50,39.80,13:23:41
Tue Nov 11 14:23:42 2025,57.014819,9.985828,23,0.50,39.80,13:23:42
Tue Nov 11 14:23:43 2025,57.014820,9.985828,23,0.50,39.80,13:23:43
Tue Nov 11 14:23:44 2025,57.014820,9.985828,23,0.50,39.70,13:23:44
Tue Nov 11 14:23:45 2025,57.014820,9.985828,23,0.50,39.70,13:23:45
Tue Nov 11 14:23:46 2025,57.014820,9.985828,23,0.50,39.70,13:23:46
Tue Nov 11 14:23:47 2025,57.014820,9.985828,23,0.50,39.70,13:23:47
Tue Nov 11 14:23:48 2025,57.014820,9.985828,23,0.50,39.70,13:23:48
Tue Nov 11 14:23:49 2025,57.014820,9.985828,23,0.50,39.70,13:23:49
Tue Nov 11 14:23:50 2025,57.014820,9.985828,23,0.50,39.70,13:23:50
Tue Nov 11 14:23:51 2025,57.014820,9.985829,23,0.50,39.70,13:23:51
Tue Nov 11 14:23:52 2025,57.014820,9.985829,23,0.50,39.70,13:23:52
Tue Nov 11 14:23:53 2025,57.014820,9.985829,23,0.50,39.70,13:23:53
Tue Nov 11 14:23:54 2025,57.014820,9.985829,22,0.60,39.70,13:23:54
Tue Nov 11 14:23:55 2025,57.014820,9.985829,22,0.60,39.70,13:23:55
Tue Nov 11 14:23:56 2025,57.014820,9.985829,22,0.60,39.70,13:23:56
Tue Nov 11 14:23:57 2025,57.014820,9.985830,22,0.60,39.70,13:23:57
Tue Nov 11 14:23:58 2025,57.014820,9.985830,21,0.60,39.70,13:23:58
Tue Nov 11 14:23:59 2025,57.014820,9.985830,21,0.60,39.70,13:23:59
Tue Nov 11 14:24:00 2025,57.014820,9.985830,21,0.60,39.70,13:24:00
Tue Nov 11 14:24:01 2025,57.014820,9.985831,21,0.60,39.70,13:24:01
Tue Nov 11 14:24:02 2025,57.014820,9.985831,21,0.60,39.70,13:24:02
Tue Nov 11 14:24:03 2025,57.014821,9.985831,21,0.60,39.70,13:24:03
Tue Nov 11 14:24:04 2025,57.014821,9.985831,19,0.60,39.60,13:24:04
Tue Nov 11 14:24:05 2025,57.014821,9.985831,19,0.60,39.60,13:24:05
Tue Nov 11 14:24:06 2025,57.014821,9.985832,20,0.60,39.60,13:24:06
Tue Nov 11 14:24:07 2025,57.014821,9.985832,20,0.60,39.60,13:24:07
Tue Nov 11 14:24:08 2025,57.014821,9.985832,21,0.60,39.60,13:24:08
Tue Nov 11 14:24:09 2025,57.014821,9.985832,22,0.60,39.60,13:24:09
Tue Nov 11 14:24:10 2025,57.014821,9.985832,22,0.60,39.60,13:24:10
Tue Nov 11 14:24:11 2025,57.014821,9.985833,22,0.60,39.60,13:24:11
Tue Nov 11 14:24:12 2025,57.014821,9.985833,22,0.60,39.60,13:24:12
Tue Nov 11 14:24:13 2025,57.014821,9.985833,22,0.60,39.60,13:24:13
Tue Nov 11 14:24:14 2025,57.014821,9.985833,22,0.60,39.60,13:24:14
Tue Nov 11 14:24:15 2025,57.014821,9.985833,22,0.60,39.60,13:24:15
Tue Nov 11 14:24:16 2025,57.014821,9.985834,22,0.60,39.60,13:24:16
Tue Nov 11 14:24:17 2025,57.014821,9.985834,22,0.60,39.60,13:24:17
Tue Nov 11 14:24:18 2025,57.014821,9.985834,22,0.60,39.60,13:24:18
Tue Nov 11 14:24:19 2025,57.014821,9.985834,22,0.60,39.60,13:24:19
Tue Nov 11 14:24:20 2025,57.014821,9.985834,23,0.50,39.60,13:24:20
Tue Nov 11 14:24:21 2025,57.014821,9.985834,23,0.50,39.60,13:24:21
Tue Nov 11 14:24:22 2025,57.014821,9.985834,23,0.50,39.60,13:24:22
Tue Nov 11 14:24:23 2025,57.014821,9.985834,23,0.50,39.60,13:24:23
Tue Nov 11 14:24:24 2025,57.014821,9.985834,23,0.50,39.60,13:24:24
Tue Nov 11 14:24:25 2025,57.014821,9.985834,23,0.50,39.60,13:24:25
Tue Nov 11 14:24:26 2025,57.014821,9.985834,23,0.50,39.60,13:24:26
Tue Nov 11 14:24:27 2025,57.014821,9.985834,23,0.50,39.60,13:24:27
Tue Nov 11 14:24:28 2025,57.014820,9.985834,23,0.50,39.60,13:24:28
Tue Nov 11 14:24:29 2025,57.014820,9.985834,23,0.50,39.60,13:24:29
Tue Nov 11 14:24:30 2025,57.014820,9.985834,23,0.50,39.60,13:24:30
Tue Nov 11 14:24:31 2025,57.014820,9.985834,23,0.50,39.60,13:24:31
Tue Nov 11 14:24:32 2025,57.014820,9.985835,22,0.60,39.60,13:24:32
Tue Nov 11 14:24:33 2025,57.014820,9.985835,22,0.60,39.50,13:24:33
Tue Nov 11 14:24:34 2025,57.014820,9.985835,22,0.60,39.50,13:24:34
Tue Nov 11 14:24:35 2025,57.014820,9.985835,21,0.60,39.50,13:24:35
Tue Nov 11 14:24:36 2025,57.014820,9.985835,21,0.60,39.50,13:24:36
Tue Nov 11 14:24:37 2025,57.014820,9.985835,21,0.60,39.50,13:24:37
Tue Nov 11 14:24:38 2025,57.014820,9.985835,20,0.60,39.50,13:24:38
Tue Nov 11 14:24:39 2025,57.014820,9.985835,20,0.60,39.50,13:24:39
Tue Nov 11 14:24:40 2025,57.014820,9.985835,20,0.60,39.50,13:24:40
Tue Nov 11 14:24:41 2025,57.014820,9.985835,20,0.60,39.50,13:24:41
Tue Nov 11 14:24:42 2025,57.014820,9.985835,20,0.60,39.40,13:24:42
Tue Nov 11 14:24:43 2025,57.014820,9.985835,20,0.60,39.40,13:24:43
Tue Nov 11 14:24:44 2025,57.014820,9.985835,20,0.60,39.40,13:24:44
Tue Nov 11 14:24:45 2025,57.014820,9.985835,20,0.60,39.40,13:24:45
Tue Nov 11 14:24:46 2025,57.014820,9.985835,20,0.60,39.40,13:24:46
Tue Nov 11 14:24:47 2025,57.014820,9.985835,20,0.60,39.40,13:24:47
Tue Nov 11 14:24:48 2025,57.014820,9.985835,21,0.60,39.40,13:24:48
Tue Nov 11 14:24:49 2025,57.014820,9.985835,22,0.60,39.40,13:24:49
Tue Nov 11 14:24:50 2025,57.014820,9.985835,22,0.60,39.40,13:24:50
Tue Nov 11 14:24:51 2025,57.014820,9.985835,22,0.60,39.40,13:24:51
Tue Nov 11 14:24:52 2025,57.014820,9.985836,21,0.60,39.40,13:24:52
Tue Nov 11 14:24:53 2025,57.014820,9.985836,21,0.60,39.30,13:24:53
Tue Nov 11 14:24:54 2025,57.014820,9.985836,21,0.60,39.30,13:24:54
Tue Nov 11 14:24:55 2025,57.014820,9.985836,21,0.60,39.30,13:24:55
Tue Nov 11 14:24:56 2025,57.014820,9.985836,21,0.60,39.30,13:24:56
Tue Nov 11 14:24:57 2025,57.014820,9.985836,21,0.60,39.30,13:24:57
Tue Nov 11 14:24:58 2025,57.014820,9.985836,21,0.60,39.30,13:24:58
Tue Nov 11 14:24:59 2025,57.014820,9.985836,20,0.60,39.30,13:24:59
Tue Nov 11 14:25:00 2025,57.014820,9.985836,20,0.60,39.30,13:25:00
Tue Nov 11 14:25:01 2025,57.014820,9.985836,20,0.60,39.30,13:25:01
Tue Nov 11 14:25:02 2025,57.014820,9.985836,19,0.60,39.30,13:25:02
Tue Nov 11 14:25:03 2025,57.014821,9.985836,19,0.60,39.30,13:25:03
Tue Nov 11 14:25:04 2025,57.014821,9.985836,19,0.60,39.30,13:25:04
Tue Nov 11 14:25:05 2025,57.014821,9.985836,18,0.60,39.30,13:25:05
Tue Nov 11 14:25:06 2025,57.014821,9.985836,18,0.60,39.30,13:25:06
Tue Nov 11 14:25:07 2025,57.014821,9.985836,18,0.60,39.30,13:25:07
Tue Nov 11 14:25:08 2025,57.014821,9.985836,19,0.60,39.30,13:25:08
Tue Nov 11 14:25:09 2025,57.014821,9.985836,18,0.70,39.30,13:25:09
Tue Nov 11 14:25:10 2025,57.014821,9.985836,18,0.70,39.30,13:25:10
Tue Nov 11 14:25:11 2025,57.014821,9.985836,18,0.70,39.20,13:25:11
Tue Nov 11 14:25:12 2025,57.014821,9.985836,18,0.70,39.20,13:25:12
Tue Nov 11 14:25:13 2025,57.014821,9.985836,19,0.60,39.20,13:25:13
Tue Nov 11 14:25:14 2025,57.014821,9.985836,19,0.60,39.20,13:25:14
Tue Nov 11 14:25:15 2025,57.014821,9.985836,19,0.60,39.20,13:25:15
Tue Nov 11 14:25:16 2025,57.014821,9.985836,19,0.60,39.20,13:25:16
Tue Nov 11 14:25:17 2025,57.014821,9.985836,19,0.60,39.20,13:25:17
Tue Nov 11 14:25:18 2025,57.014821,9.985836,20,0.60,39.20,13:25:18
Tue Nov 11 14:25:19 2025,57.014821,9.985836,20,0.60,39.20,13:25:19
Tue Nov 11 14:25:20 2025,57.014821,9.985836,20,0.60,39.20,13:25:20
Tue Nov 11 14:25:21 2025,57.014821,9.985836,20,0.60,39.20,13:25:21
Tue Nov 11 14:25:22 2025,57.014821,9.985835,20,0.60,39.20,13:25:22
Tue Nov 11 14:25:23 2025,57.014821,9.985835,20,0.60,39.20,13:25:23
Tue Nov 11 14:25:24 2025,57.014821,9.985836,20,0.60,39.20,13:25:24
Tue Nov 11 14:25:25 2025,57.014821,9.985836,20,0.60,39.20,13:25:25
Tue Nov 11 14:25:26 2025,57.014821,9.985836,20,0.60,39.20,13:25:26
Tue Nov 11 14:25:27 2025,57.014822,9.985836,21,0.60,39.20,13:25:27
Tue Nov 11 14:25:28 2025,57.014822,9.985836,21,0.60,39.20,13:25:28
Tue Nov 11 14:25:29 2025,57.014822,9.985836,21,0.60,39.20,13:25:29
Tue Nov 11 14:25:30 2025,57.014822,9.985836,21,0.60,39.10,13:25:30
Tue Nov 11 14:25:31 2025,57.014822,9.985836,21,0.60,39.10,13:25:31
Tue Nov 11 14:25:32 2025,57.014822,9.985836,21,0.60,39.10,13:25:32
Tue Nov 11 14:25:33 2025,57.014822,9.985836,21,0.60,39.10,13:25:33
Tue Nov 11 14:25:34 2025,57.014822,9.985836,21,0.60,39.10,13:25:34
Tue Nov 11 14:25:35 2025,57.014822,9.985836,21,0.60,39.10,13:25:35
Tue Nov 11 14:25:36 2025,57.014822,9.985835,21,0.60,39.10,13:25:36
Tue Nov 11 14:25:37 2025,57.014822,9.985835,21,0.60,39.10,13:25:37
Tue Nov 11 14:25:38 2025,57.014822,9.985835,21,0.60,39.10,13:25:38
Tue Nov 11 14:25:39 2025,57.014822,9.985835,21,0.60,39.10,13:25:39
Tue Nov 11 14:25:40 2025,57.014823,9.985835,21,0.60,39.10,13:25:40
Tue Nov 11 14:25:41 2025,57.014823,9.985835,22,0.60,39.10,13:25:41
Tue Nov 11 14:25:42 2025,57.014823,9.985835,22,0.60,39.10,13:25:42
Tue Nov 11 14:25:43 2025,57.014823,9.985835,22,0.60,39.10,13:25:43
Tue Nov 11 14:25:44 2025,57.014823,9.985835,22,0.60,39.10,13:25:44
Tue Nov 11 14:25:45 2025,57.014823,9.985835,23,0.50,39.10,13:25:45
Tue Nov 11 14:25:46 2025,57.014823,9.985835,23,0.50,39.10,13:25:46
Tue Nov 11 14:25:47 2025,57.014823,9.985835,23,0.50,39.10,13:25:47
Tue Nov 11 14:25:48 2025,57.014823,9.985835,23,0.50,39.00,13:25:48
Tue Nov 11 14:25:49 2025,57.014825,9.985836,23,0.50,39.30,13:25:49
Tue Nov 11 14:25:50 2025,57.014825,9.985837,23,0.50,39.20,13:25:50
Tue Nov 11 14:25:51 2025,57.014826,9.985838,23,0.50,39.20,13:25:51
Tue Nov 11 14:25:52 2025,57.014826,9.985839,23,0.50,39.20,13:25:52
Tue Nov 11 14:25:53 2025,57.014826,9.985840,23,0.50,39.20,13:25:53
Tue Nov 11 14:25:54 2025,57.014827,9.985841,23,0.50,39.10,13:25:54
Tue Nov 11 14:25:55 2025,57.014827,9.985842,23,0.50,39.10,13:25:55
Tue Nov 11 14:25:56 2025,57.014827,9.985843,23,0.50,39.10,13:25:56
Tue Nov 11 14:25:57 2025,57.014828,9.985843,23,0.50,39.10,13:25:57
Tue Nov 11 14:25:58 2025,57.014828,9.985844,23,0.50,39.10,13:25:58
Tue Nov 11 14:25:59 2025,57.014828,9.985845,23,0.50,39.10,13:25:59
Tue Nov 11 14:26:00 2025,57.014828,9.985846,23,0.50,39.10,13:26:00
Tue Nov 11 14:26:01 2025,57.014829,9.985846,23,0.50,39.10,13:26:01
Tue Nov 11 14:26:02 2025,57.014829,9.985847,23,0.50,39.00,13:26:02
Tue Nov 11 14:26:03 2025,57.014829,9.985848,23,0.50,39.00,13:26:03
Tue Nov 11 14:26:04 2025,57.014829,9.985848,23,0.50,39.00,13:26:04
Tue Nov 11 14:26:05 2025,57.014829,9.985849,23,0.50,39.00,13:26:05
Tue Nov 11 14:26:06 2025,57.014829,9.985849,23,0.50,39.00,13:26:06
Tue Nov 11 14:26:07 2025,57.014829,9.985850,23,0.50,39.00,13:26:07
Tue Nov 11 14:26:08 2025,57.014830,9.985850,23,0.50,39.00,13:26:08
Tue Nov 11 14:26:09 2025,57.014830,9.985851,23,0.50,39.00,13:26:09
Tue Nov 11 14:26:10 2025,57.014830,9.985852,23,0.50,39.00,13:26:10
Tue Nov 11 14:26:11 2025,57.014830,9.985853,23,0.50,38.90,13:26:11
Tue Nov 11 14:26:12 2025,57.014831,9.985853,23,0.50,38.90,13:26:12
Tue Nov 11 14:26:13 2025,57.014831,9.985854,23,0.50,38.90,13:26:13
Tue Nov 11 14:26:14 2025,57.014831,9.985854,23,0.50,38.90,13:26:14
Tue Nov 11 14:26:15 2025,57.014831,9.985854,23,0.50,38.90,13:26:15
Tue Nov 11 14:26:16 2025,57.014832,9.985854,23,0.50,38.90,13:26:16
Tue Nov 11 14:26:17 2025,57.014832,9.985855,23,0.50,38.90,13:26:17
Tue Nov 11 14:26:18 2025,57.014833,9.985855,23,0.50,38.90,13:26:18
Tue Nov 11 14:26:19 2025,57.014833,9.985855,23,0.50,38.90,13:26:19
Tue Nov 11 14:26:20 2025,57.014834,9.985855,23,0.50,38.80,13:26:20
Tue Nov 11 14:26:21 2025,57.014834,9.985855,23,0.50,38.80,13:26:21
Tue Nov 11 14:26:22 2025,57.014834,9.985855,23,0.50,38.80,13:26:22
Tue Nov 11 14:26:23 2025,57.014835,9.985855,23,0.50,38.80,13:26:23
Tue Nov 11 14:26:24 2025,57.014835,9.985855,23,0.50,38.80,13:26:24
Tue Nov 11 14:26:25 2025,57.014835,9.985855,23,0.50,38.80,13:26:25
Tue Nov 11 14:26:26 2025,57.014836,9.985855,23,0.50,38.80,13:26:26
Tue Nov 11 14:26:27 2025,57.014836,9.985855,23,0.50,38.80,13:26:27
Tue Nov 11 14:26:28 2025,57.014836,9.985854,23,0.50,38.80,13:26:28
Tue Nov 11 14:26:29 2025,57.014836,9.985854,23,0.50,38.80,13:26:29
Tue Nov 11 14:26:30 2025,57.014836,9.985854,23,0.50,38.80,13:26:30
Tue Nov 11 14:26:31 2025,57.014836,9.985854,23,0.50,38.70,13:26:31
Tue Nov 11 14:26:32 2025,57.014836,9.985854,23,0.50,38.70,13:26:32
Tue Nov 11 14:26:33 2025,57.014836,9.985854,23,0.50,38.70,13:26:33
Tue Nov 11 14:26:34 2025,57.014836,9.985854,23,0.50,38.70,13:26:34
Tue Nov 11 14:26:35 2025,57.014836,9.985854,23,0.50,38.70,13:26:35
Tue Nov 11 14:26:36 2025,57.014836,9.985854,23,0.50,38.70,13:26:36
Tue Nov 11 14:26:37 2025,57.014835,9.985853,23,0.50,38.70,13:26:37
Tue Nov 11 14:26:38 2025,57.014835,9.985853,23,0.50,38.60,13:26:38
Tue Nov 11 14:26:39 2025,57.014835,9.985853,23,0.50,38.60,13:26:39
Tue Nov 11 14:26:40 2025,57.014835,9.985853,23,0.50,38.60,13:26:40
Tue Nov 11 14:26:41 2025,57.014835,9.985853,23,0.50,38.60,13:26:41
Tue Nov 11 14:26:42 2025,57.014835,9.985853,23,0.50,38.60,13:26:42
Tue Nov 11 14:26:43 2025,57.014835,9.985854,23,0.50,38.60,13:26:43
Tue Nov 11 14:26:44 2025,57.014835,9.985854,23,0.50,38.60,13:26:44
Tue Nov 11 14:26:45 2025,57.014835,9.985854,23,0.50,38.60,13:26:45
Tue Nov 11 14:26:46 2025,57.014835,9.985854,23,0.50,38.50,13:26:46
Tue Nov 11 14:26:47 2025,57.014835,9.985854,23,0.50,38.50,13:26:47
Tue Nov 11 14:26:48 2025,57.014834,9.985855,23,0.50,38.50,13:26:48
Tue Nov 11 14:26:49 2025,57.014834,9.985855,23,0.50,38.50,13:26:49
Tue Nov 11 14:26:50 2025,57.014834,9.985855,23,0.50,38.50,13:26:50
Tue Nov 11 14:26:51 2025,57.014834,9.985855,23,0.50,38.50,13:26:51
Tue Nov 11 14:26:52 2025,57.014834,9.985855,24,0.50,38.50,13:26:52
Tue Nov 11 14:26:53 2025,57.014834,9.985855,24,0.50,38.50,13:26:53
Tue Nov 11 14:26:54 2025,57.014834,9.985855,24,0.50,38.50,13:26:54
Tue Nov 11 14:26:55 2025,57.014834,9.985855,24,0.50,38.40,13:26:55
Tue Nov 11 14:26:56 2025,57.014834,9.985855,24,0.50,38.40,13:26:56
Tue Nov 11 14:26:57 2025,57.014834,9.985855,24,0.50,38.40,13:26:57
Tue Nov 11 14:26:58 2025,57.014834,9.985856,24,0.50,38.40,13:26:58
Tue Nov 11 14:26:59 2025,57.014834,9.985856,24,0.50,38.40,13:26:59
Tue Nov 11 14:27:00 2025,57.014834,9.985856,24,0.50,38.40,13:27:00
Tue Nov 11 14:27:01 2025,57.014834,9.985856,24,0.50,38.40,13:27:01
Tue Nov 11 14:27:02 2025,57.014834,9.985856,24,0.50,38.40,13:27:02
Tue Nov 11 14:27:03 2025,57.014834,9.985856,24,0.50,38.40,13:27:03
Tue Nov 11 14:27:04 2025,57.014834,9.985856,24,0.50,38.40,13:27:04
Tue Nov 11 14:27:05 2025,57.014834,9.985856,24,0.50,38.50,13:27:05
Tue Nov 11 14:27:06 2025,57.014833,9.985856,24,0.50,38.50,13:27:06
Tue Nov 11 14:27:07 2025,57.014833,9.985856,24,0.50,38.50,13:27:07
Tue Nov 11 14:27:08 2025,57.014833,9.985856,24,0.50,38.50,13:27:08
Tue Nov 11 14:27:09 2025,57.014833,9.985856,24,0.50,38.50,13:27:09
Tue Nov 11 14:27:10 2025,57.014833,9.985856,24,0.50,38.50,13:27:10
Tue Nov 11 14:27:11 2025,57.014833,9.985857,23,0.50,38.50,13:27:11
Tue Nov 11 14:27:12 2025,57.014833,9.985857,23,0.50,38.50,13:27:12
Tue Nov 11 14:27:13 2025,57.014833,9.985857,23,0.50,38.50,13:27:13
Tue Nov 11 14:27:14 2025,57.014833,9.985857,23,0.50,38.50,13:27:14
Tue Nov 11 14:27:15 2025,57.014833,9.985857,23,0.50,38.50,13:27:15
Tue Nov 11 14:27:16 2025,57.014833,9.985857,24,0.50,38.50,13:27:16
Tue Nov 11 14:27:17 2025,57.014833,9.985857,24,0.50,38.50,13:27:17
Tue Nov 11 14:27:18 2025,57.014833,9.985857,24,0.50,38.50,13:27:18
Tue Nov 11 14:27:19 2025,57.014833,9.985857,23,0.60,38.50,13:27:19
Tue Nov 11 14:27:20 2025,57.014833,9.985857,23,0.60,38.50,13:27:20
Tue Nov 11 14:27:21 2025,57.014833,9.985857,23,0.60,38.50,13:27:21
Tue Nov 11 14:27:22 2025,57.014833,9.985857,23,0.60,38.50,13:27:22
Tue Nov 11 14:27:23 2025,57.014833,9.985857,24,0.50,38.50,13:27:23
Tue Nov 11 14:27:24 2025,57.014833,9.985857,24,0.50,38.50,13:27:24
Tue Nov 11 14:27:25 2025,57.014833,9.985857,24,0.50,38.50,13:27:25
Tue Nov 11 14:27:26 2025,57.014833,9.985857,24,0.50,38.50,13:27:26
Tue Nov 11 14:27:27 2025,57.014832,9.985857,24,0.50,38.50,13:27:27
Tue Nov 11 14:27:28 2025,57.014832,9.985857,24,0.50,38.50,13:27:28
Tue Nov 11 14:27:29 2025,57.014832,9.985857,24,0.50,38.50,13:27:29
Tue Nov 11 14:27:30 2025,57.014832,9.985857,24,0.50,38.50,13:27:30
Tue Nov 11 14:27:31 2025,57.014832,9.985857,24,0.50,38.50,13:27:31
Tue Nov 11 14:27:32 2025,57.014832,9.985857,24,0.50,38.50,13:27:32
Tue Nov 11 14:27:33 2025,57.014832,9.985857,23,0.60,38.50,13:27:33
Tue Nov 11 14:27:34 2025,57.014832,9.985857,23,0.60,38.50,13:27:34
Tue Nov 11 14:27:35 2025,57.014832,9.985857,23,0.60,38.50,13:27:35
Tue Nov 11 14:27:36 2025,57.014832,9.985857,23,0.60,38.50,13:27:36
Tue Nov 11 14:27:37 2025,57.014832,9.985857,23,0.60,38.50,13:27:37
Tue Nov 11 14:27:38 2025,57.014832,9.985857,23,0.60,38.50,13:27:38
Tue Nov 11 14:27:39 2025,57.014832,9.985857,23,0.60,38.50,13:27:39
Tue Nov 11 14:27:40 2025,57.014832,9.985857,23,0.60,38.50,13:27:40
Tue Nov 11 14:27:41 2025,57.014832,9.985857,23,0.60,38.50,13:27:41
Tue Nov 11 14:27:42 2025,57.014833,9.985857,23,0.60,38.50,13:27:42
Tue Nov 11 14:27:43 2025,57.014833,9.985857,23,0.60,38.50,13:27:43
Tue Nov 11 14:27:44 2025,57.014833,9.985857,23,0.60,38.50,13:27:44
Tue Nov 11 14:27:45 2025,57.014833,9.985857,23,0.60,38.50,13:27:45
Tue Nov 11 14:27:46 2025,57.014833,9.985857,23,0.60,38.50,13:27:46
Tue Nov 11 14:27:47 2025,57.014833,9.985857,23,0.60,38.50,13:27:47
Tue Nov 11 14:27:48 2025,57.014834,9.985857,23,0.60,38.50,13:27:48
Tue Nov 11 14:27:49 2025,57.014834,9.985857,23,0.60,38.50,13:27:49
Tue Nov 11 14:27:50 2025,57.014834,9.985857,23,0.60,38.50,13:27:50
Tue Nov 11 14:27:51 2025,57.014834,9.985857,23,0.60,38.50,13:27:51
Tue Nov 11 14:27:52 2025,57.014834,9.985856,23,0.60,38.50,13:27:52
Tue Nov 11 14:27:53 2025,57.014834,9.985856,23,0.60,38.50,13:27:53
Tue Nov 11 14:27:54 2025,57.014834,9.985856,23,0.60,38.50,13:27:54
Tue Nov 11 14:27:55 2025,57.014834,9.985856,23,0.60,38.50,13:27:55
Tue Nov 11 14:27:56 2025,57.014834,9.985856,23,0.60,38.50,13:27:56
Tue Nov 11 14:27:57 2025,57.014834,9.985856,23,0.60,38.50,13:27:57
Tue Nov 11 14:27:58 2025,57.014834,9.985856,23,0.60,38.50,13:27:58
Tue Nov 11 14:27:59 2025,57.014834,9.985856,23,0.60,38.50,13:27:59
Tue Nov 11 14:28:00 2025,57.014834,9.985855,23,0.60,38.50,13:28:00
Tue Nov 11 14:28:01 2025,57.014834,9.985855,23,0.60,38.50,13:28:01
Tue Nov 11 14:28:02 2025,57.014834,9.985855,24,0.50,38.50,13:28:02
Tue Nov 11 14:28:03 2025,57.014834,9.985855,24,0.50,38.50,13:28:03
Tue Nov 11 14:28:04 2025,57.014834,9.985855,24,0.50,38.50,13:28:04
Tue Nov 11 14:28:05 2025,57.014834,9.985855,24,0.50,38.50,13:28:05
Tue Nov 11 14:28:06 2025,57.014834,9.985855,24,0.50,38.50,13:28:06
Tue Nov 11 14:28:07 2025,57.014834,9.985855,24,0.50,38.50,13:28:07
Tue Nov 11 14:28:08 2025,57.014834,9.985855,24,0.50,38.50,13:28:08
Tue Nov 11 14:28:09 2025,57.014834,9.985855,24,0.50,38.40,13:28:09
Tue Nov 11 14:28:10 2025,57.014834,9.985855,24,0.50,38.40,13:28:10
Tue Nov 11 14:28:11 2025,57.014834,9.985855,24,0.50,38.40,13:28:11
Tue Nov 11 14:28:12 2025,57.014834,9.985855,24,0.50,38.40,13:28:12
Tue Nov 11 14:28:13 2025,57.014834,9.985855,24,0.50,38.40,13:28:13
Tue Nov 11 14:28:14 2025,57.014834,9.985855,24,0.50,38.40,13:28:14
Tue Nov 11 14:28:15 2025,57.014834,9.985855,24,0.50,38.40,13:28:15
Tue Nov 11 14:28:16 2025,57.014834,9.985855,24,0.50,38.40,13:28:16
Tue Nov 11 14:28:17 2025,57.014834,9.985854,24,0.50,38.40,13:28:17
Tue Nov 11 14:28:18 2025,57.014834,9.985854,24,0.50,38.40,13:28:18
Tue Nov 11 14:28:19 2025,57.014834,9.985854,24,0.50,38.40,13:28:19
Tue Nov 11 14:28:20 2025,57.014834,9.985854,22,0.60,38.40,13:28:20
Tue Nov 11 14:28:21 2025,57.014834,9.985854,22,0.60,38.40,13:28:21
Tue Nov 11 14:28:22 2025,57.014834,9.985853,22,0.60,38.40,13:28:22
Tue Nov 11 14:28:23 2025,57.014834,9.985853,22,0.60,38.40,13:28:23
Tue Nov 11 14:28:24 2025,57.014834,9.985853,22,0.60,38.40,13:28:24
Tue Nov 11 14:28:25 2025,57.014834,9.985853,22,0.60,38.40,13:28:25
Tue Nov 11 14:28:26 2025,57.014834,9.985853,22,0.60,38.30,13:28:26
Tue Nov 11 14:28:27 2025,57.014834,9.985853,22,0.60,38.30,13:28:27
Tue Nov 11 14:28:28 2025,57.014834,9.985853,22,0.60,38.30,13:28:28
Tue Nov 11 14:28:29 2025,57.014834,9.985853,22,0.60,38.30,13:28:29
Tue Nov 11 14:28:30 2025,57.014834,9.985853,23,0.50,38.30,13:28:30
Tue Nov 11 14:28:31 2025,57.014834,9.985853,23,0.50,38.30,13:28:31
Tue Nov 11 14:28:32 2025,57.014834,9.985853,23,0.50,38.30,13:28:32
Tue Nov 11 14:28:33 2025,57.014834,9.985853,23,0.50,38.30,13:28:33
Tue Nov 11 14:28:34 2025,57.014834,9.985853,23,0.50,38.30,13:28:34
Tue Nov 11 14:28:35 2025,57.014834,9.985852,23,0.50,38.30,13:28:35
Tue Nov 11 14:28:36 2025,57.014834,9.985852,23,0.50,38.30,13:28:36
Tue Nov 11 14:28:37 2025,57.014834,9.985852,23,0.50,38.30,13:28:37
Tue Nov 11 14:28:38 2025,57.014834,9.985852,23,0.50,38.30,13:28:38
Tue Nov 11 14:28:39 2025,57.014834,9.985852,23,0.50,38.30,13:28:39
Tue Nov 11 14:28:40 2025,57.014834,9.985852,23,0.50,38.20,13:28:40
Tue Nov 11 14:28:41 2025,57.014834,9.985852,23,0.50,38.20,13:28:41
Tue Nov 11 14:28:42 2025,57.014834,9.985852,23,0.50,38.20,13:28:42
Tue Nov 11 14:28:43 2025,57.014834,9.985852,23,0.50,38.20,13:28:43
Tue Nov 11 14:28:44 2025,57.014834,9.985852,23,0.50,38.20,13:28:44
Tue Nov 11 14:28:45 2025,57.014834,9.985852,23,0.50,38.20,13:28:45
Tue Nov 11 14:28:46 2025,57.014834,9.985852,23,0.50,38.20,13:28:46
Tue Nov 11 14:28:47 2025,57.014834,9.985852,23,0.50,38.20,13:28:47
Tue Nov 11 14:28:48 2025,57.014834,9.985852,24,0.50,38.20,13:28:48
Tue Nov 11 14:28:49 2025,57.014834,9.985852,24,0.50,38.20,13:28:49
Tue Nov 11 14:28:50 2025,57.014834,9.985852,24,0.50,38.10,13:28:50
Tue Nov 11 14:28:51 2025,57.014834,9.985852,24,0.50,38.10,13:28:51
